{
"SELECT * FROM harmony_habitat.commune c WHERE c.id_departement = 35\n": [
	{
		"id_commune" : 13208,
		"code_commune" : "34001",
		"code_postal" : "34290",
		"nom_commune" : "Abeilhan",
		"id_position" : 13208,
		"id_departement" : 35,
		"id_region" : 15
	},
	{
		"id_commune" : 13209,
		"code_commune" : "34002",
		"code_postal" : "34230",
		"nom_commune" : "Adissan",
		"id_position" : 13209,
		"id_departement" : 35,
		"id_region" : 15
	},
	{
		"id_commune" : 13210,
		"code_commune" : "34003",
		"code_postal" : "34300",
		"nom_commune" : "Agde",
		"id_position" : 13210,
		"id_departement" : 35,
		"id_region" : 15
	},
	{
		"id_commune" : 13211,
		"code_commune" : "34004",
		"code_postal" : "34210",
		"nom_commune" : "Agel",
		"id_position" : 13211,
		"id_departement" : 35,
		"id_region" : 15
	},
	{
		"id_commune" : 13212,
		"code_commune" : "34005",
		"code_postal" : "34190",
		"nom_commune" : "Agonès",
		"id_position" : 13212,
		"id_departement" : 35,
		"id_region" : 15
	},
	{
		"id_commune" : 13213,
		"code_commune" : "34006",
		"code_postal" : "34210",
		"nom_commune" : "Aigne",
		"id_position" : 13213,
		"id_departement" : 35,
		"id_region" : 15
	},
	{
		"id_commune" : 13214,
		"code_commune" : "34007",
		"code_postal" : "34210",
		"nom_commune" : "Aigues-Vives",
		"id_position" : 13214,
		"id_departement" : 35,
		"id_region" : 15
	},
	{
		"id_commune" : 13215,
		"code_commune" : "34008",
		"code_postal" : "34600",
		"nom_commune" : "Les Aires",
		"id_position" : 13215,
		"id_departement" : 35,
		"id_region" : 15
	},
	{
		"id_commune" : 13216,
		"code_commune" : "34009",
		"code_postal" : "34290",
		"nom_commune" : "Alignan-du-Vent",
		"id_position" : 13216,
		"id_departement" : 35,
		"id_region" : 15
	},
	{
		"id_commune" : 13217,
		"code_commune" : "34010",
		"code_postal" : "34150",
		"nom_commune" : "Aniane",
		"id_position" : 13217,
		"id_departement" : 35,
		"id_region" : 15
	},
	{
		"id_commune" : 13218,
		"code_commune" : "34011",
		"code_postal" : "34150",
		"nom_commune" : "Arboras",
		"id_position" : 13218,
		"id_departement" : 35,
		"id_region" : 15
	},
	{
		"id_commune" : 13219,
		"code_commune" : "34012",
		"code_postal" : "34380",
		"nom_commune" : "Argelliers",
		"id_position" : 13219,
		"id_departement" : 35,
		"id_region" : 15
	},
	{
		"id_commune" : 13220,
		"code_commune" : "34013",
		"code_postal" : "34800",
		"nom_commune" : "Aspiran",
		"id_position" : 13220,
		"id_departement" : 35,
		"id_region" : 15
	},
	{
		"id_commune" : 13221,
		"code_commune" : "34014",
		"code_postal" : "34820",
		"nom_commune" : "Assas",
		"id_position" : 13221,
		"id_departement" : 35,
		"id_region" : 15
	},
	{
		"id_commune" : 13222,
		"code_commune" : "34015",
		"code_postal" : "34360",
		"nom_commune" : "Assignan",
		"id_position" : 13222,
		"id_departement" : 35,
		"id_region" : 15
	},
	{
		"id_commune" : 13223,
		"code_commune" : "34016",
		"code_postal" : "34230",
		"nom_commune" : "Aumelas",
		"id_position" : 13223,
		"id_departement" : 35,
		"id_region" : 15
	},
	{
		"id_commune" : 13224,
		"code_commune" : "34017",
		"code_postal" : "34530",
		"nom_commune" : "Aumes",
		"id_position" : 13224,
		"id_departement" : 35,
		"id_region" : 15
	},
	{
		"id_commune" : 13225,
		"code_commune" : "34018",
		"code_postal" : "34480",
		"nom_commune" : "Autignac",
		"id_position" : 13225,
		"id_departement" : 35,
		"id_region" : 15
	},
	{
		"id_commune" : 13226,
		"code_commune" : "34019",
		"code_postal" : "34260",
		"nom_commune" : "Avène",
		"id_position" : 13226,
		"id_departement" : 35,
		"id_region" : 15
	},
	{
		"id_commune" : 13227,
		"code_commune" : "34020",
		"code_postal" : "34210",
		"nom_commune" : "Azillanet",
		"id_position" : 13227,
		"id_departement" : 35,
		"id_region" : 15
	},
	{
		"id_commune" : 13228,
		"code_commune" : "34021",
		"code_postal" : "34360",
		"nom_commune" : "Babeau-Bouldoux",
		"id_position" : 13228,
		"id_departement" : 35,
		"id_region" : 15
	},
	{
		"id_commune" : 13229,
		"code_commune" : "34022",
		"code_postal" : "34670",
		"nom_commune" : "Baillargues",
		"id_position" : 13229,
		"id_departement" : 35,
		"id_region" : 15
	},
	{
		"id_commune" : 13230,
		"code_commune" : "34023",
		"code_postal" : "34540",
		"nom_commune" : "Balaruc-les-Bains",
		"id_position" : 13230,
		"id_departement" : 35,
		"id_region" : 15
	},
	{
		"id_commune" : 13231,
		"code_commune" : "34024",
		"code_postal" : "34540",
		"nom_commune" : "Balaruc-le-Vieux",
		"id_position" : 13231,
		"id_departement" : 35,
		"id_region" : 15
	},
	{
		"id_commune" : 13232,
		"code_commune" : "34025",
		"code_postal" : "34290",
		"nom_commune" : "Bassan",
		"id_position" : 13232,
		"id_departement" : 35,
		"id_region" : 15
	},
	{
		"id_commune" : 13233,
		"code_commune" : "34026",
		"code_postal" : "34210",
		"nom_commune" : "Beaufort",
		"id_position" : 13233,
		"id_departement" : 35,
		"id_region" : 15
	},
	{
		"id_commune" : 13234,
		"code_commune" : "34027",
		"code_postal" : "34160",
		"nom_commune" : "Beaulieu",
		"id_position" : 13234,
		"id_departement" : 35,
		"id_region" : 15
	},
	{
		"id_commune" : 13235,
		"code_commune" : "34028",
		"code_postal" : "34600",
		"nom_commune" : "Bédarieux",
		"id_position" : 13235,
		"id_departement" : 35,
		"id_region" : 15
	},
	{
		"id_commune" : 13236,
		"code_commune" : "34029",
		"code_postal" : "34230",
		"nom_commune" : "Bélarga",
		"id_position" : 13236,
		"id_departement" : 35,
		"id_region" : 15
	},
	{
		"id_commune" : 13237,
		"code_commune" : "34030",
		"code_postal" : "34360",
		"nom_commune" : "Berlou",
		"id_position" : 13237,
		"id_departement" : 35,
		"id_region" : 15
	},
	{
		"id_commune" : 13238,
		"code_commune" : "34031",
		"code_postal" : "34550",
		"nom_commune" : "Bessan",
		"id_position" : 13238,
		"id_departement" : 35,
		"id_region" : 15
	},
	{
		"id_commune" : 13239,
		"code_commune" : "34032",
		"code_postal" : "34500",
		"nom_commune" : "Béziers",
		"id_position" : 13239,
		"id_departement" : 35,
		"id_region" : 15
	},
	{
		"id_commune" : 13240,
		"code_commune" : "34033",
		"code_postal" : "34160",
		"nom_commune" : "Boisseron",
		"id_position" : 13240,
		"id_departement" : 35,
		"id_region" : 15
	},
	{
		"id_commune" : 13241,
		"code_commune" : "34034",
		"code_postal" : "34220",
		"nom_commune" : "Boisset",
		"id_position" : 13241,
		"id_departement" : 35,
		"id_region" : 15
	},
	{
		"id_commune" : 13242,
		"code_commune" : "34035",
		"code_postal" : "34150",
		"nom_commune" : "La Boissière",
		"id_position" : 13242,
		"id_departement" : 35,
		"id_region" : 15
	},
	{
		"id_commune" : 13243,
		"code_commune" : "34036",
		"code_postal" : "34700",
		"nom_commune" : "Le Bosc",
		"id_position" : 13243,
		"id_departement" : 35,
		"id_region" : 15
	},
	{
		"id_commune" : 13244,
		"code_commune" : "34037",
		"code_postal" : "34760",
		"nom_commune" : "Boujan-sur-Libron",
		"id_position" : 13244,
		"id_departement" : 35,
		"id_region" : 15
	},
	{
		"id_commune" : 13245,
		"code_commune" : "34038",
		"code_postal" : "34260",
		"nom_commune" : "Le Bousquet-d'Orb",
		"id_position" : 13245,
		"id_departement" : 35,
		"id_region" : 15
	},
	{
		"id_commune" : 13246,
		"code_commune" : "34039",
		"code_postal" : "34140",
		"nom_commune" : "Bouzigues",
		"id_position" : 13246,
		"id_departement" : 35,
		"id_region" : 15
	},
	{
		"id_commune" : 13247,
		"code_commune" : "34040",
		"code_postal" : "34650",
		"nom_commune" : "Brenas",
		"id_position" : 13247,
		"id_departement" : 35,
		"id_region" : 15
	},
	{
		"id_commune" : 13248,
		"code_commune" : "34041",
		"code_postal" : "34800",
		"nom_commune" : "Brignac",
		"id_position" : 13248,
		"id_departement" : 35,
		"id_region" : 15
	},
	{
		"id_commune" : 13249,
		"code_commune" : "34042",
		"code_postal" : "34190",
		"nom_commune" : "Brissac",
		"id_position" : 13249,
		"id_departement" : 35,
		"id_region" : 15
	},
	{
		"id_commune" : 13250,
		"code_commune" : "34043",
		"code_postal" : "34160",
		"nom_commune" : "Buzignargues",
		"id_position" : 13250,
		"id_departement" : 35,
		"id_region" : 15
	},
	{
		"id_commune" : 13251,
		"code_commune" : "34044",
		"code_postal" : "34480",
		"nom_commune" : "Cabrerolles",
		"id_position" : 13251,
		"id_departement" : 35,
		"id_region" : 15
	},
	{
		"id_commune" : 13252,
		"code_commune" : "34045",
		"code_postal" : "34800",
		"nom_commune" : "Cabrières",
		"id_position" : 13252,
		"id_departement" : 35,
		"id_region" : 15
	},
	{
		"id_commune" : 13253,
		"code_commune" : "34046",
		"code_postal" : "34330",
		"nom_commune" : "Cambon-et-Salvergues",
		"id_position" : 13253,
		"id_departement" : 35,
		"id_region" : 15
	},
	{
		"id_commune" : 13254,
		"code_commune" : "34047",
		"code_postal" : "34230",
		"nom_commune" : "Campagnan",
		"id_position" : 13254,
		"id_departement" : 35,
		"id_region" : 15
	},
	{
		"id_commune" : 13255,
		"code_commune" : "34048",
		"code_postal" : "34160",
		"nom_commune" : "Campagne",
		"id_position" : 13255,
		"id_departement" : 35,
		"id_region" : 15
	},
	{
		"id_commune" : 13256,
		"code_commune" : "34049",
		"code_postal" : "34260",
		"nom_commune" : "Camplong",
		"id_position" : 13256,
		"id_departement" : 35,
		"id_region" : 15
	},
	{
		"id_commune" : 13257,
		"code_commune" : "34050",
		"code_postal" : "34130",
		"nom_commune" : "Candillargues",
		"id_position" : 13257,
		"id_departement" : 35,
		"id_region" : 15
	},
	{
		"id_commune" : 13258,
		"code_commune" : "34051",
		"code_postal" : "34800",
		"nom_commune" : "Canet",
		"id_position" : 13258,
		"id_departement" : 35,
		"id_region" : 15
	},
	{
		"id_commune" : 13259,
		"code_commune" : "34052",
		"code_postal" : "34310",
		"nom_commune" : "Capestang",
		"id_position" : 13259,
		"id_departement" : 35,
		"id_region" : 15
	},
	{
		"id_commune" : 13260,
		"code_commune" : "34053",
		"code_postal" : "34600",
		"nom_commune" : "Carlencas-et-Levas",
		"id_position" : 13260,
		"id_departement" : 35,
		"id_region" : 15
	},
	{
		"id_commune" : 13261,
		"code_commune" : "34054",
		"code_postal" : "34210",
		"nom_commune" : "Cassagnoles",
		"id_position" : 13261,
		"id_departement" : 35,
		"id_region" : 15
	},
	{
		"id_commune" : 13262,
		"code_commune" : "34055",
		"code_postal" : "34610",
		"nom_commune" : "Castanet-le-Haut",
		"id_position" : 13262,
		"id_departement" : 35,
		"id_region" : 15
	},
	{
		"id_commune" : 13263,
		"code_commune" : "34056",
		"code_postal" : "34120",
		"nom_commune" : "Castelnau-de-Guers",
		"id_position" : 13263,
		"id_departement" : 35,
		"id_region" : 15
	},
	{
		"id_commune" : 13264,
		"code_commune" : "34057",
		"code_postal" : "34170",
		"nom_commune" : "Castelnau-le-Lez",
		"id_position" : 13264,
		"id_departement" : 35,
		"id_region" : 15
	},
	{
		"id_commune" : 13265,
		"code_commune" : "34058",
		"code_postal" : "34160",
		"nom_commune" : "Castries",
		"id_position" : 13265,
		"id_departement" : 35,
		"id_region" : 15
	},
	{
		"id_commune" : 13266,
		"code_commune" : "34059",
		"code_postal" : "34210",
		"nom_commune" : "La Caunette",
		"id_position" : 13266,
		"id_departement" : 35,
		"id_region" : 15
	},
	{
		"id_commune" : 13267,
		"code_commune" : "34060",
		"code_postal" : "34380",
		"nom_commune" : "Causse-de-la-Selle",
		"id_position" : 13267,
		"id_departement" : 35,
		"id_region" : 15
	},
	{
		"id_commune" : 13268,
		"code_commune" : "34061",
		"code_postal" : "34490",
		"nom_commune" : "Causses-et-Veyran",
		"id_position" : 13268,
		"id_departement" : 35,
		"id_region" : 15
	},
	{
		"id_commune" : 13269,
		"code_commune" : "34062",
		"code_postal" : "34600",
		"nom_commune" : "Caussiniojouls",
		"id_position" : 13269,
		"id_departement" : 35,
		"id_region" : 15
	},
	{
		"id_commune" : 13270,
		"code_commune" : "34063",
		"code_postal" : "34720",
		"nom_commune" : "Caux",
		"id_position" : 13270,
		"id_departement" : 35,
		"id_region" : 15
	},
	{
		"id_commune" : 13271,
		"code_commune" : "34064",
		"code_postal" : "34520",
		"nom_commune" : "Le Caylar",
		"id_position" : 13271,
		"id_departement" : 35,
		"id_region" : 15
	},
	{
		"id_commune" : 13272,
		"code_commune" : "34065",
		"code_postal" : "34460",
		"nom_commune" : "Cazedarnes",
		"id_position" : 13272,
		"id_departement" : 35,
		"id_region" : 15
	},
	{
		"id_commune" : 13273,
		"code_commune" : "34066",
		"code_postal" : "34270",
		"nom_commune" : "Cazevieille",
		"id_position" : 13273,
		"id_departement" : 35,
		"id_region" : 15
	},
	{
		"id_commune" : 13274,
		"code_commune" : "34067",
		"code_postal" : "34190",
		"nom_commune" : "Cazilhac",
		"id_position" : 13274,
		"id_departement" : 35,
		"id_region" : 15
	},
	{
		"id_commune" : 13275,
		"code_commune" : "34068",
		"code_postal" : "34120",
		"nom_commune" : "Cazouls-d'Hérault",
		"id_position" : 13275,
		"id_departement" : 35,
		"id_region" : 15
	},
	{
		"id_commune" : 13276,
		"code_commune" : "34069",
		"code_postal" : "34370",
		"nom_commune" : "Cazouls-lès-Béziers",
		"id_position" : 13276,
		"id_departement" : 35,
		"id_region" : 15
	},
	{
		"id_commune" : 13277,
		"code_commune" : "34070",
		"code_postal" : "34360",
		"nom_commune" : "Cébazan",
		"id_position" : 13277,
		"id_departement" : 35,
		"id_region" : 15
	},
	{
		"id_commune" : 13278,
		"code_commune" : "34071",
		"code_postal" : "34260",
		"nom_commune" : "Ceilhes-et-Rocozels",
		"id_position" : 13278,
		"id_departement" : 35,
		"id_region" : 15
	},
	{
		"id_commune" : 13279,
		"code_commune" : "34072",
		"code_postal" : "34700",
		"nom_commune" : "Celles",
		"id_position" : 13279,
		"id_departement" : 35,
		"id_region" : 15
	},
	{
		"id_commune" : 13280,
		"code_commune" : "34073",
		"code_postal" : "34420",
		"nom_commune" : "Cers",
		"id_position" : 13280,
		"id_departement" : 35,
		"id_region" : 15
	},
	{
		"id_commune" : 13281,
		"code_commune" : "34074",
		"code_postal" : "34460",
		"nom_commune" : "Cessenon-sur-Orb",
		"id_position" : 13281,
		"id_departement" : 35,
		"id_region" : 15
	},
	{
		"id_commune" : 13282,
		"code_commune" : "34075",
		"code_postal" : "34210",
		"nom_commune" : "Cesseras",
		"id_position" : 13282,
		"id_departement" : 35,
		"id_region" : 15
	},
	{
		"id_commune" : 13283,
		"code_commune" : "34076",
		"code_postal" : "34800",
		"nom_commune" : "Ceyras",
		"id_position" : 13283,
		"id_departement" : 35,
		"id_region" : 15
	},
	{
		"id_commune" : 13284,
		"code_commune" : "34077",
		"code_postal" : "34830",
		"nom_commune" : "Clapiers",
		"id_position" : 13284,
		"id_departement" : 35,
		"id_region" : 15
	},
	{
		"id_commune" : 13285,
		"code_commune" : "34078",
		"code_postal" : "34270",
		"nom_commune" : "Claret",
		"id_position" : 13285,
		"id_departement" : 35,
		"id_region" : 15
	},
	{
		"id_commune" : 13286,
		"code_commune" : "34079",
		"code_postal" : "34800",
		"nom_commune" : "Clermont-l'Hérault",
		"id_position" : 13286,
		"id_departement" : 35,
		"id_region" : 15
	},
	{
		"id_commune" : 13287,
		"code_commune" : "34080",
		"code_postal" : "34390",
		"nom_commune" : "Colombières-sur-Orb",
		"id_position" : 13287,
		"id_departement" : 35,
		"id_region" : 15
	},
	{
		"id_commune" : 13288,
		"code_commune" : "34081",
		"code_postal" : "34440",
		"nom_commune" : "Colombiers",
		"id_position" : 13288,
		"id_departement" : 35,
		"id_region" : 15
	},
	{
		"id_commune" : 13289,
		"code_commune" : "34082",
		"code_postal" : "34980",
		"nom_commune" : "Combaillaux",
		"id_position" : 13289,
		"id_departement" : 35,
		"id_region" : 15
	},
	{
		"id_commune" : 13290,
		"code_commune" : "34083",
		"code_postal" : "34240",
		"nom_commune" : "Combes",
		"id_position" : 13290,
		"id_departement" : 35,
		"id_region" : 15
	},
	{
		"id_commune" : 13291,
		"code_commune" : "34084",
		"code_postal" : "34490",
		"nom_commune" : "Corneilhan",
		"id_position" : 13291,
		"id_departement" : 35,
		"id_region" : 15
	},
	{
		"id_commune" : 13292,
		"code_commune" : "34085",
		"code_postal" : "34290",
		"nom_commune" : "Coulobres",
		"id_position" : 13292,
		"id_departement" : 35,
		"id_region" : 15
	},
	{
		"id_commune" : 13293,
		"code_commune" : "34086",
		"code_postal" : "34220",
		"nom_commune" : "Courniou",
		"id_position" : 13293,
		"id_departement" : 35,
		"id_region" : 15
	},
	{
		"id_commune" : 13294,
		"code_commune" : "34087",
		"code_postal" : "34660",
		"nom_commune" : "Cournonsec",
		"id_position" : 13294,
		"id_departement" : 35,
		"id_region" : 15
	},
	{
		"id_commune" : 13295,
		"code_commune" : "34088",
		"code_postal" : "34660",
		"nom_commune" : "Cournonterral",
		"id_position" : 13295,
		"id_departement" : 35,
		"id_region" : 15
	},
	{
		"id_commune" : 13296,
		"code_commune" : "34089",
		"code_postal" : "34370",
		"nom_commune" : "Creissan",
		"id_position" : 13296,
		"id_departement" : 35,
		"id_region" : 15
	},
	{
		"id_commune" : 13297,
		"code_commune" : "34090",
		"code_postal" : "34920",
		"nom_commune" : "Le Crès",
		"id_position" : 13297,
		"id_departement" : 35,
		"id_region" : 15
	},
	{
		"id_commune" : 13298,
		"code_commune" : "34091",
		"code_postal" : "34520",
		"nom_commune" : "Le Cros",
		"id_position" : 13298,
		"id_departement" : 35,
		"id_region" : 15
	},
	{
		"id_commune" : 13299,
		"code_commune" : "34092",
		"code_postal" : "34310",
		"nom_commune" : "Cruzy",
		"id_position" : 13299,
		"id_departement" : 35,
		"id_region" : 15
	},
	{
		"id_commune" : 13300,
		"code_commune" : "34093",
		"code_postal" : "34650",
		"nom_commune" : "Dio-et-Valquières",
		"id_position" : 13300,
		"id_departement" : 35,
		"id_region" : 15
	},
	{
		"id_commune" : 13301,
		"code_commune" : "34094",
		"code_postal" : "34290",
		"nom_commune" : "Espondeilhan",
		"id_position" : 13301,
		"id_departement" : 35,
		"id_region" : 15
	},
	{
		"id_commune" : 13302,
		"code_commune" : "34095",
		"code_postal" : "34690",
		"nom_commune" : "Fabrègues",
		"id_position" : 13302,
		"id_departement" : 35,
		"id_region" : 15
	},
	{
		"id_commune" : 13303,
		"code_commune" : "34096",
		"code_postal" : "34600",
		"nom_commune" : "Faugères",
		"id_position" : 13303,
		"id_departement" : 35,
		"id_region" : 15
	},
	{
		"id_commune" : 13304,
		"code_commune" : "34097",
		"code_postal" : "34210",
		"nom_commune" : "Félines-Minervois",
		"id_position" : 13304,
		"id_departement" : 35,
		"id_region" : 15
	},
	{
		"id_commune" : 13305,
		"code_commune" : "34098",
		"code_postal" : "34210",
		"nom_commune" : "Ferrals-les-Montagnes",
		"id_position" : 13305,
		"id_departement" : 35,
		"id_region" : 15
	},
	{
		"id_commune" : 13306,
		"code_commune" : "34099",
		"code_postal" : "34190",
		"nom_commune" : "Ferrières-les-Verreries",
		"id_position" : 13306,
		"id_departement" : 35,
		"id_region" : 15
	},
	{
		"id_commune" : 13307,
		"code_commune" : "34100",
		"code_postal" : "34360",
		"nom_commune" : "Ferrières-Poussarou",
		"id_position" : 13307,
		"id_departement" : 35,
		"id_region" : 15
	},
	{
		"id_commune" : 13308,
		"code_commune" : "34101",
		"code_postal" : "34510",
		"nom_commune" : "Florensac",
		"id_position" : 13308,
		"id_departement" : 35,
		"id_region" : 15
	},
	{
		"id_commune" : 13309,
		"code_commune" : "34102",
		"code_postal" : "34270",
		"nom_commune" : "Fontanès",
		"id_position" : 13309,
		"id_departement" : 35,
		"id_region" : 15
	},
	{
		"id_commune" : 13310,
		"code_commune" : "34103",
		"code_postal" : "34320",
		"nom_commune" : "Fontès",
		"id_position" : 13310,
		"id_departement" : 35,
		"id_region" : 15
	},
	{
		"id_commune" : 13311,
		"code_commune" : "34104",
		"code_postal" : "34320",
		"nom_commune" : "Fos",
		"id_position" : 13311,
		"id_departement" : 35,
		"id_region" : 15
	},
	{
		"id_commune" : 13312,
		"code_commune" : "34105",
		"code_postal" : "34480",
		"nom_commune" : "Fouzilhon",
		"id_position" : 13312,
		"id_departement" : 35,
		"id_region" : 15
	},
	{
		"id_commune" : 13313,
		"code_commune" : "34106",
		"code_postal" : "34700",
		"nom_commune" : "Fozières",
		"id_position" : 13313,
		"id_departement" : 35,
		"id_region" : 15
	},
	{
		"id_commune" : 13314,
		"code_commune" : "34107",
		"code_postal" : "34330",
		"nom_commune" : "Fraisse-sur-Agout",
		"id_position" : 13314,
		"id_departement" : 35,
		"id_region" : 15
	},
	{
		"id_commune" : 13315,
		"code_commune" : "34108",
		"code_postal" : "34110",
		"nom_commune" : "Frontignan",
		"id_position" : 13315,
		"id_departement" : 35,
		"id_region" : 15
	},
	{
		"id_commune" : 13316,
		"code_commune" : "34109",
		"code_postal" : "34320",
		"nom_commune" : "Gabian",
		"id_position" : 13316,
		"id_departement" : 35,
		"id_region" : 15
	},
	{
		"id_commune" : 13317,
		"code_commune" : "34110",
		"code_postal" : "34160",
		"nom_commune" : "Galargues",
		"id_position" : 13317,
		"id_departement" : 35,
		"id_region" : 15
	},
	{
		"id_commune" : 13318,
		"code_commune" : "34111",
		"code_postal" : "34190",
		"nom_commune" : "Ganges",
		"id_position" : 13318,
		"id_departement" : 35,
		"id_region" : 15
	},
	{
		"id_commune" : 13319,
		"code_commune" : "34112",
		"code_postal" : "34160",
		"nom_commune" : "Garrigues",
		"id_position" : 13319,
		"id_departement" : 35,
		"id_region" : 15
	},
	{
		"id_commune" : 13320,
		"code_commune" : "34113",
		"code_postal" : "34770",
		"nom_commune" : "Gigean",
		"id_position" : 13320,
		"id_departement" : 35,
		"id_region" : 15
	},
	{
		"id_commune" : 13321,
		"code_commune" : "34114",
		"code_postal" : "34150",
		"nom_commune" : "Gignac",
		"id_position" : 13321,
		"id_departement" : 35,
		"id_region" : 15
	},
	{
		"id_commune" : 13322,
		"code_commune" : "34115",
		"code_postal" : "34190",
		"nom_commune" : "Gorniès",
		"id_position" : 13322,
		"id_departement" : 35,
		"id_region" : 15
	},
	{
		"id_commune" : 13323,
		"code_commune" : "34116",
		"code_postal" : "34790",
		"nom_commune" : "Grabels",
		"id_position" : 13323,
		"id_departement" : 35,
		"id_region" : 15
	},
	{
		"id_commune" : 13324,
		"code_commune" : "34117",
		"code_postal" : "34260",
		"nom_commune" : "Graissessac",
		"id_position" : 13324,
		"id_departement" : 35,
		"id_region" : 15
	},
	{
		"id_commune" : 13325,
		"code_commune" : "34118",
		"code_postal" : "34820",
		"nom_commune" : "Guzargues",
		"id_position" : 13325,
		"id_departement" : 35,
		"id_region" : 15
	},
	{
		"id_commune" : 13326,
		"code_commune" : "34119",
		"code_postal" : "34600",
		"nom_commune" : "Hérépian",
		"id_position" : 13326,
		"id_departement" : 35,
		"id_region" : 15
	},
	{
		"id_commune" : 13327,
		"code_commune" : "34120",
		"code_postal" : "34830",
		"nom_commune" : "Jacou",
		"id_position" : 13327,
		"id_departement" : 35,
		"id_region" : 15
	},
	{
		"id_commune" : 13328,
		"code_commune" : "34121",
		"code_postal" : "34650",
		"nom_commune" : "Joncels",
		"id_position" : 13328,
		"id_departement" : 35,
		"id_region" : 15
	},
	{
		"id_commune" : 13329,
		"code_commune" : "34122",
		"code_postal" : "34725",
		"nom_commune" : "Jonquières",
		"id_position" : 13329,
		"id_departement" : 35,
		"id_region" : 15
	},
	{
		"id_commune" : 13330,
		"code_commune" : "34123",
		"code_postal" : "34990",
		"nom_commune" : "Juvignac",
		"id_position" : 13330,
		"id_departement" : 35,
		"id_region" : 15
	},
	{
		"id_commune" : 13331,
		"code_commune" : "34124",
		"code_postal" : "34800",
		"nom_commune" : "Lacoste",
		"id_position" : 13331,
		"id_departement" : 35,
		"id_region" : 15
	},
	{
		"id_commune" : 13332,
		"code_commune" : "34125",
		"code_postal" : "34150",
		"nom_commune" : "Lagamas",
		"id_position" : 13332,
		"id_departement" : 35,
		"id_region" : 15
	},
	{
		"id_commune" : 13333,
		"code_commune" : "34126",
		"code_postal" : "34240",
		"nom_commune" : "Lamalou-les-Bains",
		"id_position" : 13333,
		"id_departement" : 35,
		"id_region" : 15
	},
	{
		"id_commune" : 13334,
		"code_commune" : "34127",
		"code_postal" : "34130",
		"nom_commune" : "Lansargues",
		"id_position" : 13334,
		"id_departement" : 35,
		"id_region" : 15
	},
	{
		"id_commune" : 13335,
		"code_commune" : "34128",
		"code_postal" : "34190",
		"nom_commune" : "Laroque",
		"id_position" : 13335,
		"id_departement" : 35,
		"id_region" : 15
	},
	{
		"id_commune" : 13336,
		"code_commune" : "34129",
		"code_postal" : "34970",
		"nom_commune" : "Lattes",
		"id_position" : 13336,
		"id_departement" : 35,
		"id_region" : 15
	},
	{
		"id_commune" : 13337,
		"code_commune" : "34130",
		"code_postal" : "34480",
		"nom_commune" : "Laurens",
		"id_position" : 13337,
		"id_departement" : 35,
		"id_region" : 15
	},
	{
		"id_commune" : 13338,
		"code_commune" : "34131",
		"code_postal" : "34270",
		"nom_commune" : "Lauret",
		"id_position" : 13338,
		"id_departement" : 35,
		"id_region" : 15
	},
	{
		"id_commune" : 13339,
		"code_commune" : "34132",
		"code_postal" : "34700",
		"nom_commune" : "Lauroux",
		"id_position" : 13339,
		"id_departement" : 35,
		"id_region" : 15
	},
	{
		"id_commune" : 13340,
		"code_commune" : "34133",
		"code_postal" : "34700",
		"nom_commune" : "Lavalette",
		"id_position" : 13340,
		"id_departement" : 35,
		"id_region" : 15
	},
	{
		"id_commune" : 13341,
		"code_commune" : "34134",
		"code_postal" : "34880",
		"nom_commune" : "Lavérune",
		"id_position" : 13341,
		"id_departement" : 35,
		"id_region" : 15
	},
	{
		"id_commune" : 13342,
		"code_commune" : "34135",
		"code_postal" : "34710",
		"nom_commune" : "Lespignan",
		"id_position" : 13342,
		"id_departement" : 35,
		"id_region" : 15
	},
	{
		"id_commune" : 13343,
		"code_commune" : "34136",
		"code_postal" : "34120",
		"nom_commune" : "Lézignan-la-Cèbe",
		"id_position" : 13343,
		"id_departement" : 35,
		"id_region" : 15
	},
	{
		"id_commune" : 13344,
		"code_commune" : "34137",
		"code_postal" : "34800",
		"nom_commune" : "Liausson",
		"id_position" : 13344,
		"id_departement" : 35,
		"id_region" : 15
	},
	{
		"id_commune" : 13345,
		"code_commune" : "34138",
		"code_postal" : "34800",
		"nom_commune" : "Lieuran-Cabrières",
		"id_position" : 13345,
		"id_departement" : 35,
		"id_region" : 15
	},
	{
		"id_commune" : 13346,
		"code_commune" : "34139",
		"code_postal" : "34290",
		"nom_commune" : "Lieuran-lès-Béziers",
		"id_position" : 13346,
		"id_departement" : 35,
		"id_region" : 15
	},
	{
		"id_commune" : 13347,
		"code_commune" : "34140",
		"code_postal" : "34490",
		"nom_commune" : "Lignan-sur-Orb",
		"id_position" : 13347,
		"id_departement" : 35,
		"id_region" : 15
	},
	{
		"id_commune" : 13348,
		"code_commune" : "34141",
		"code_postal" : "34210",
		"nom_commune" : "La Livinière",
		"id_position" : 13348,
		"id_departement" : 35,
		"id_region" : 15
	},
	{
		"id_commune" : 13349,
		"code_commune" : "34142",
		"code_postal" : "34700",
		"nom_commune" : "Lodève",
		"id_position" : 13349,
		"id_departement" : 35,
		"id_region" : 15
	},
	{
		"id_commune" : 13350,
		"code_commune" : "34143",
		"code_postal" : "34140",
		"nom_commune" : "Loupian",
		"id_position" : 13350,
		"id_departement" : 35,
		"id_region" : 15
	},
	{
		"id_commune" : 13351,
		"code_commune" : "34144",
		"code_postal" : "34650",
		"nom_commune" : "Lunas",
		"id_position" : 13351,
		"id_departement" : 35,
		"id_region" : 15
	},
	{
		"id_commune" : 13352,
		"code_commune" : "34145",
		"code_postal" : "34400",
		"nom_commune" : "Lunel",
		"id_position" : 13352,
		"id_departement" : 35,
		"id_region" : 15
	},
	{
		"id_commune" : 13353,
		"code_commune" : "34146",
		"code_postal" : "34400",
		"nom_commune" : "Lunel-Viel",
		"id_position" : 13353,
		"id_departement" : 35,
		"id_region" : 15
	},
	{
		"id_commune" : 13354,
		"code_commune" : "34147",
		"code_postal" : "34480",
		"nom_commune" : "Magalas",
		"id_position" : 13354,
		"id_departement" : 35,
		"id_region" : 15
	},
	{
		"id_commune" : 13355,
		"code_commune" : "34148",
		"code_postal" : "34370",
		"nom_commune" : "Maraussan",
		"id_position" : 13355,
		"id_departement" : 35,
		"id_region" : 15
	},
	{
		"id_commune" : 13356,
		"code_commune" : "34149",
		"code_postal" : "34320",
		"nom_commune" : "Margon",
		"id_position" : 13356,
		"id_departement" : 35,
		"id_region" : 15
	},
	{
		"id_commune" : 13357,
		"code_commune" : "34150",
		"code_postal" : "34340",
		"nom_commune" : "Marseillan",
		"id_position" : 13357,
		"id_departement" : 35,
		"id_region" : 15
	},
	{
		"id_commune" : 13358,
		"code_commune" : "34151",
		"code_postal" : "34590",
		"nom_commune" : "Marsillargues",
		"id_position" : 13358,
		"id_departement" : 35,
		"id_region" : 15
	},
	{
		"id_commune" : 13359,
		"code_commune" : "34152",
		"code_postal" : "34380",
		"nom_commune" : "Mas-de-Londres",
		"id_position" : 13359,
		"id_departement" : 35,
		"id_region" : 15
	},
	{
		"id_commune" : 13360,
		"code_commune" : "34153",
		"code_postal" : "34270",
		"nom_commune" : "Les Matelles",
		"id_position" : 13360,
		"id_departement" : 35,
		"id_region" : 15
	},
	{
		"id_commune" : 13361,
		"code_commune" : "34154",
		"code_postal" : "34130",
		"nom_commune" : "Mauguio",
		"id_position" : 13361,
		"id_departement" : 35,
		"id_region" : 15
	},
	{
		"id_commune" : 13362,
		"code_commune" : "34155",
		"code_postal" : "34370",
		"nom_commune" : "Maureilhan",
		"id_position" : 13362,
		"id_departement" : 35,
		"id_region" : 15
	},
	{
		"id_commune" : 13363,
		"code_commune" : "34156",
		"code_postal" : "34800",
		"nom_commune" : "Mérifons",
		"id_position" : 13363,
		"id_departement" : 35,
		"id_region" : 15
	},
	{
		"id_commune" : 13364,
		"code_commune" : "34157",
		"code_postal" : "34140",
		"nom_commune" : "Mèze",
		"id_position" : 13364,
		"id_departement" : 35,
		"id_region" : 15
	},
	{
		"id_commune" : 13365,
		"code_commune" : "34158",
		"code_postal" : "34210",
		"nom_commune" : "Minerve",
		"id_position" : 13365,
		"id_departement" : 35,
		"id_region" : 15
	},
	{
		"id_commune" : 13366,
		"code_commune" : "34159",
		"code_postal" : "34110",
		"nom_commune" : "Mireval",
		"id_position" : 13366,
		"id_departement" : 35,
		"id_region" : 15
	},
	{
		"id_commune" : 13367,
		"code_commune" : "34160",
		"code_postal" : "34390",
		"nom_commune" : "Mons",
		"id_position" : 13367,
		"id_departement" : 35,
		"id_region" : 15
	},
	{
		"id_commune" : 13368,
		"code_commune" : "34161",
		"code_postal" : "34310",
		"nom_commune" : "Montady",
		"id_position" : 13368,
		"id_departement" : 35,
		"id_region" : 15
	},
	{
		"id_commune" : 13369,
		"code_commune" : "34162",
		"code_postal" : "34530",
		"nom_commune" : "Montagnac",
		"id_position" : 13369,
		"id_departement" : 35,
		"id_region" : 15
	},
	{
		"id_commune" : 13370,
		"code_commune" : "34163",
		"code_postal" : "34570",
		"nom_commune" : "Montarnaud",
		"id_position" : 13370,
		"id_departement" : 35,
		"id_region" : 15
	},
	{
		"id_commune" : 13371,
		"code_commune" : "34164",
		"code_postal" : "34160",
		"nom_commune" : "Montaud",
		"id_position" : 13371,
		"id_departement" : 35,
		"id_region" : 15
	},
	{
		"id_commune" : 13372,
		"code_commune" : "34165",
		"code_postal" : "34560",
		"nom_commune" : "Montbazin",
		"id_position" : 13372,
		"id_departement" : 35,
		"id_region" : 15
	},
	{
		"id_commune" : 13373,
		"code_commune" : "34166",
		"code_postal" : "34290",
		"nom_commune" : "Montblanc",
		"id_position" : 13373,
		"id_departement" : 35,
		"id_region" : 15
	},
	{
		"id_commune" : 13374,
		"code_commune" : "34167",
		"code_postal" : "34310",
		"nom_commune" : "Montels",
		"id_position" : 13374,
		"id_departement" : 35,
		"id_region" : 15
	},
	{
		"id_commune" : 13375,
		"code_commune" : "34168",
		"code_postal" : "34320",
		"nom_commune" : "Montesquieu",
		"id_position" : 13375,
		"id_departement" : 35,
		"id_region" : 15
	},
	{
		"id_commune" : 13376,
		"code_commune" : "34169",
		"code_postal" : "34980",
		"nom_commune" : "Montferrier-sur-Lez",
		"id_position" : 13376,
		"id_departement" : 35,
		"id_region" : 15
	},
	{
		"id_commune" : 13377,
		"code_commune" : "34170",
		"code_postal" : "34310",
		"nom_commune" : "Montouliers",
		"id_position" : 13377,
		"id_departement" : 35,
		"id_region" : 15
	},
	{
		"id_commune" : 13378,
		"code_commune" : "34171",
		"code_postal" : "34190",
		"nom_commune" : "Montoulieu",
		"id_position" : 13378,
		"id_departement" : 35,
		"id_region" : 15
	},
	{
		"id_commune" : 13379,
		"code_commune" : "34172",
		"code_postal" : "34000",
		"nom_commune" : "Montpellier",
		"id_position" : 13379,
		"id_departement" : 35,
		"id_region" : 15
	},
	{
		"id_commune" : 13380,
		"code_commune" : "34173",
		"code_postal" : "34150",
		"nom_commune" : "Montpeyroux",
		"id_position" : 13380,
		"id_departement" : 35,
		"id_region" : 15
	},
	{
		"id_commune" : 13381,
		"code_commune" : "34174",
		"code_postal" : "34190",
		"nom_commune" : "Moulès-et-Baucels",
		"id_position" : 13381,
		"id_departement" : 35,
		"id_region" : 15
	},
	{
		"id_commune" : 13382,
		"code_commune" : "34175",
		"code_postal" : "34800",
		"nom_commune" : "Mourèze",
		"id_position" : 13382,
		"id_departement" : 35,
		"id_region" : 15
	},
	{
		"id_commune" : 13383,
		"code_commune" : "34176",
		"code_postal" : "34130",
		"nom_commune" : "Mudaison",
		"id_position" : 13383,
		"id_departement" : 35,
		"id_region" : 15
	},
	{
		"id_commune" : 13384,
		"code_commune" : "34177",
		"code_postal" : "34980",
		"nom_commune" : "Murles",
		"id_position" : 13384,
		"id_departement" : 35,
		"id_region" : 15
	},
	{
		"id_commune" : 13385,
		"code_commune" : "34178",
		"code_postal" : "34490",
		"nom_commune" : "Murviel-lès-Béziers",
		"id_position" : 13385,
		"id_departement" : 35,
		"id_region" : 15
	},
	{
		"id_commune" : 13386,
		"code_commune" : "34179",
		"code_postal" : "34570",
		"nom_commune" : "Murviel-lès-Montpellier",
		"id_position" : 13386,
		"id_departement" : 35,
		"id_region" : 15
	},
	{
		"id_commune" : 13387,
		"code_commune" : "34180",
		"code_postal" : "34800",
		"nom_commune" : "Nébian",
		"id_position" : 13387,
		"id_departement" : 35,
		"id_region" : 15
	},
	{
		"id_commune" : 13388,
		"code_commune" : "34181",
		"code_postal" : "34320",
		"nom_commune" : "Neffiès",
		"id_position" : 13388,
		"id_departement" : 35,
		"id_region" : 15
	},
	{
		"id_commune" : 13389,
		"code_commune" : "34182",
		"code_postal" : "34120",
		"nom_commune" : "Nézignan-l'Évêque",
		"id_position" : 13389,
		"id_departement" : 35,
		"id_region" : 15
	},
	{
		"id_commune" : 13390,
		"code_commune" : "34183",
		"code_postal" : "34440",
		"nom_commune" : "Nissan-lez-Enserune",
		"id_position" : 13390,
		"id_departement" : 35,
		"id_region" : 15
	},
	{
		"id_commune" : 13391,
		"code_commune" : "34184",
		"code_postal" : "34320",
		"nom_commune" : "Nizas",
		"id_position" : 13391,
		"id_departement" : 35,
		"id_region" : 15
	},
	{
		"id_commune" : 13392,
		"code_commune" : "34185",
		"code_postal" : "34380",
		"nom_commune" : "Notre-Dame-de-Londres",
		"id_position" : 13392,
		"id_departement" : 35,
		"id_region" : 15
	},
	{
		"id_commune" : 13393,
		"code_commune" : "34186",
		"code_postal" : "34800",
		"nom_commune" : "Octon",
		"id_position" : 13393,
		"id_departement" : 35,
		"id_region" : 15
	},
	{
		"id_commune" : 13394,
		"code_commune" : "34187",
		"code_postal" : "34390",
		"nom_commune" : "Olargues",
		"id_position" : 13394,
		"id_departement" : 35,
		"id_region" : 15
	},
	{
		"id_commune" : 13395,
		"code_commune" : "34188",
		"code_postal" : "34700",
		"nom_commune" : "Olmet-et-Villecun",
		"id_position" : 13395,
		"id_departement" : 35,
		"id_region" : 15
	},
	{
		"id_commune" : 13396,
		"code_commune" : "34189",
		"code_postal" : "34210",
		"nom_commune" : "Olonzac",
		"id_position" : 13396,
		"id_departement" : 35,
		"id_region" : 15
	},
	{
		"id_commune" : 13397,
		"code_commune" : "34190",
		"code_postal" : "34210",
		"nom_commune" : "Oupia",
		"id_position" : 13397,
		"id_departement" : 35,
		"id_region" : 15
	},
	{
		"id_commune" : 13398,
		"code_commune" : "34191",
		"code_postal" : "34490",
		"nom_commune" : "Pailhès",
		"id_position" : 13398,
		"id_departement" : 35,
		"id_region" : 15
	},
	{
		"id_commune" : 13399,
		"code_commune" : "34192",
		"code_postal" : "34250",
		"nom_commune" : "Palavas-les-Flots",
		"id_position" : 13399,
		"id_departement" : 35,
		"id_region" : 15
	},
	{
		"id_commune" : 13400,
		"code_commune" : "34193",
		"code_postal" : "34360",
		"nom_commune" : "Pardailhan",
		"id_position" : 13400,
		"id_departement" : 35,
		"id_region" : 15
	},
	{
		"id_commune" : 13401,
		"code_commune" : "34194",
		"code_postal" : "34230",
		"nom_commune" : "Paulhan",
		"id_position" : 13401,
		"id_departement" : 35,
		"id_region" : 15
	},
	{
		"id_commune" : 13402,
		"code_commune" : "34195",
		"code_postal" : "34380",
		"nom_commune" : "Pégairolles-de-Buèges",
		"id_position" : 13402,
		"id_departement" : 35,
		"id_region" : 15
	},
	{
		"id_commune" : 13403,
		"code_commune" : "34196",
		"code_postal" : "34700",
		"nom_commune" : "Pégairolles-de-l'Escalette",
		"id_position" : 13403,
		"id_departement" : 35,
		"id_region" : 15
	},
	{
		"id_commune" : 13404,
		"code_commune" : "34197",
		"code_postal" : "34800",
		"nom_commune" : "Péret",
		"id_position" : 13404,
		"id_departement" : 35,
		"id_region" : 15
	},
	{
		"id_commune" : 13405,
		"code_commune" : "34198",
		"code_postal" : "34470",
		"nom_commune" : "Pérols",
		"id_position" : 13405,
		"id_departement" : 35,
		"id_region" : 15
	},
	{
		"id_commune" : 13406,
		"code_commune" : "34199",
		"code_postal" : "34120",
		"nom_commune" : "Pézenas",
		"id_position" : 13406,
		"id_departement" : 35,
		"id_region" : 15
	},
	{
		"id_commune" : 13407,
		"code_commune" : "34200",
		"code_postal" : "34600",
		"nom_commune" : "Pézènes-les-Mines",
		"id_position" : 13407,
		"id_departement" : 35,
		"id_region" : 15
	},
	{
		"id_commune" : 13408,
		"code_commune" : "34201",
		"code_postal" : "34360",
		"nom_commune" : "Pierrerue",
		"id_position" : 13408,
		"id_departement" : 35,
		"id_region" : 15
	},
	{
		"id_commune" : 13409,
		"code_commune" : "34202",
		"code_postal" : "34570",
		"nom_commune" : "Pignan",
		"id_position" : 13409,
		"id_departement" : 35,
		"id_region" : 15
	},
	{
		"id_commune" : 13410,
		"code_commune" : "34203",
		"code_postal" : "34850",
		"nom_commune" : "Pinet",
		"id_position" : 13410,
		"id_departement" : 35,
		"id_region" : 15
	},
	{
		"id_commune" : 13411,
		"code_commune" : "34204",
		"code_postal" : "34230",
		"nom_commune" : "Plaissan",
		"id_position" : 13411,
		"id_departement" : 35,
		"id_region" : 15
	},
	{
		"id_commune" : 13412,
		"code_commune" : "34205",
		"code_postal" : "34700",
		"nom_commune" : "Les Plans",
		"id_position" : 13412,
		"id_departement" : 35,
		"id_region" : 15
	},
	{
		"id_commune" : 13413,
		"code_commune" : "34206",
		"code_postal" : "34310",
		"nom_commune" : "Poilhes",
		"id_position" : 13413,
		"id_departement" : 35,
		"id_region" : 15
	},
	{
		"id_commune" : 13414,
		"code_commune" : "34207",
		"code_postal" : "34810",
		"nom_commune" : "Pomérols",
		"id_position" : 13414,
		"id_departement" : 35,
		"id_region" : 15
	},
	{
		"id_commune" : 13415,
		"code_commune" : "34208",
		"code_postal" : "34230",
		"nom_commune" : "Popian",
		"id_position" : 13415,
		"id_departement" : 35,
		"id_region" : 15
	},
	{
		"id_commune" : 13416,
		"code_commune" : "34209",
		"code_postal" : "34420",
		"nom_commune" : "Portiragnes",
		"id_position" : 13416,
		"id_departement" : 35,
		"id_region" : 15
	},
	{
		"id_commune" : 13417,
		"code_commune" : "34210",
		"code_postal" : "34230",
		"nom_commune" : "Le Pouget",
		"id_position" : 13417,
		"id_departement" : 35,
		"id_region" : 15
	},
	{
		"id_commune" : 13418,
		"code_commune" : "34211",
		"code_postal" : "34600",
		"nom_commune" : "Le Poujol-sur-Orb",
		"id_position" : 13418,
		"id_departement" : 35,
		"id_region" : 15
	},
	{
		"id_commune" : 13419,
		"code_commune" : "34212",
		"code_postal" : "34700",
		"nom_commune" : "Poujols",
		"id_position" : 13419,
		"id_departement" : 35,
		"id_region" : 15
	},
	{
		"id_commune" : 13420,
		"code_commune" : "34213",
		"code_postal" : "34560",
		"nom_commune" : "Poussan",
		"id_position" : 13420,
		"id_departement" : 35,
		"id_region" : 15
	},
	{
		"id_commune" : 13421,
		"code_commune" : "34214",
		"code_postal" : "34480",
		"nom_commune" : "Pouzolles",
		"id_position" : 13421,
		"id_departement" : 35,
		"id_region" : 15
	},
	{
		"id_commune" : 13422,
		"code_commune" : "34215",
		"code_postal" : "34230",
		"nom_commune" : "Pouzols",
		"id_position" : 13422,
		"id_departement" : 35,
		"id_region" : 15
	},
	{
		"id_commune" : 13423,
		"code_commune" : "34216",
		"code_postal" : "34600",
		"nom_commune" : "Le Pradal",
		"id_position" : 13423,
		"id_departement" : 35,
		"id_region" : 15
	},
	{
		"id_commune" : 13424,
		"code_commune" : "34217",
		"code_postal" : "34730",
		"nom_commune" : "Prades-le-Lez",
		"id_position" : 13424,
		"id_departement" : 35,
		"id_region" : 15
	},
	{
		"id_commune" : 13425,
		"code_commune" : "34218",
		"code_postal" : "34360",
		"nom_commune" : "Prades-sur-Vernazobre",
		"id_position" : 13425,
		"id_departement" : 35,
		"id_region" : 15
	},
	{
		"id_commune" : 13426,
		"code_commune" : "34219",
		"code_postal" : "34390",
		"nom_commune" : "Prémian",
		"id_position" : 13426,
		"id_departement" : 35,
		"id_region" : 15
	},
	{
		"id_commune" : 13427,
		"code_commune" : "34220",
		"code_postal" : "34700",
		"nom_commune" : "Le Puech",
		"id_position" : 13427,
		"id_departement" : 35,
		"id_region" : 15
	},
	{
		"id_commune" : 13428,
		"code_commune" : "34221",
		"code_postal" : "34150",
		"nom_commune" : "Puéchabon",
		"id_position" : 13428,
		"id_departement" : 35,
		"id_region" : 15
	},
	{
		"id_commune" : 13429,
		"code_commune" : "34222",
		"code_postal" : "34230",
		"nom_commune" : "Puilacher",
		"id_position" : 13429,
		"id_departement" : 35,
		"id_region" : 15
	},
	{
		"id_commune" : 13430,
		"code_commune" : "34223",
		"code_postal" : "34480",
		"nom_commune" : "Puimisson",
		"id_position" : 13430,
		"id_departement" : 35,
		"id_region" : 15
	},
	{
		"id_commune" : 13431,
		"code_commune" : "34224",
		"code_postal" : "34480",
		"nom_commune" : "Puissalicon",
		"id_position" : 13431,
		"id_departement" : 35,
		"id_region" : 15
	},
	{
		"id_commune" : 13432,
		"code_commune" : "34225",
		"code_postal" : "34620",
		"nom_commune" : "Puisserguier",
		"id_position" : 13432,
		"id_departement" : 35,
		"id_region" : 15
	},
	{
		"id_commune" : 13433,
		"code_commune" : "34226",
		"code_postal" : "34310",
		"nom_commune" : "Quarante",
		"id_position" : 13433,
		"id_departement" : 35,
		"id_region" : 15
	},
	{
		"id_commune" : 13434,
		"code_commune" : "34227",
		"code_postal" : "34160",
		"nom_commune" : "Restinclières",
		"id_position" : 13434,
		"id_departement" : 35,
		"id_region" : 15
	},
	{
		"id_commune" : 13435,
		"code_commune" : "34228",
		"code_postal" : "34220",
		"nom_commune" : "Rieussec",
		"id_position" : 13435,
		"id_departement" : 35,
		"id_region" : 15
	},
	{
		"id_commune" : 13436,
		"code_commune" : "34229",
		"code_postal" : "34220",
		"nom_commune" : "Riols",
		"id_position" : 13436,
		"id_departement" : 35,
		"id_region" : 15
	},
	{
		"id_commune" : 13437,
		"code_commune" : "34230",
		"code_postal" : "34520",
		"nom_commune" : "Les Rives",
		"id_position" : 13437,
		"id_departement" : 35,
		"id_region" : 15
	},
	{
		"id_commune" : 13438,
		"code_commune" : "34231",
		"code_postal" : "34650",
		"nom_commune" : "Romiguières",
		"id_position" : 13438,
		"id_departement" : 35,
		"id_region" : 15
	},
	{
		"id_commune" : 13439,
		"code_commune" : "34232",
		"code_postal" : "34460",
		"nom_commune" : "Roquebrun",
		"id_position" : 13439,
		"id_departement" : 35,
		"id_region" : 15
	},
	{
		"id_commune" : 13440,
		"code_commune" : "34233",
		"code_postal" : "34650",
		"nom_commune" : "Roqueredonde",
		"id_position" : 13440,
		"id_departement" : 35,
		"id_region" : 15
	},
	{
		"id_commune" : 13441,
		"code_commune" : "34234",
		"code_postal" : "34320",
		"nom_commune" : "Roquessels",
		"id_position" : 13441,
		"id_departement" : 35,
		"id_region" : 15
	},
	{
		"id_commune" : 13442,
		"code_commune" : "34235",
		"code_postal" : "34610",
		"nom_commune" : "Rosis",
		"id_position" : 13442,
		"id_departement" : 35,
		"id_region" : 15
	},
	{
		"id_commune" : 13443,
		"code_commune" : "34236",
		"code_postal" : "34380",
		"nom_commune" : "Rouet",
		"id_position" : 13443,
		"id_departement" : 35,
		"id_region" : 15
	},
	{
		"id_commune" : 13444,
		"code_commune" : "34237",
		"code_postal" : "34320",
		"nom_commune" : "Roujan",
		"id_position" : 13444,
		"id_departement" : 35,
		"id_region" : 15
	},
	{
		"id_commune" : 13445,
		"code_commune" : "34238",
		"code_postal" : "34190",
		"nom_commune" : "Saint-André-de-Buèges",
		"id_position" : 13445,
		"id_departement" : 35,
		"id_region" : 15
	},
	{
		"id_commune" : 13446,
		"code_commune" : "34239",
		"code_postal" : "34725",
		"nom_commune" : "Saint-André-de-Sangonis",
		"id_position" : 13446,
		"id_departement" : 35,
		"id_region" : 15
	},
	{
		"id_commune" : 13447,
		"code_commune" : "34240",
		"code_postal" : "34130",
		"nom_commune" : "Saint-Aunès",
		"id_position" : 13447,
		"id_departement" : 35,
		"id_region" : 15
	},
	{
		"id_commune" : 13448,
		"code_commune" : "34241",
		"code_postal" : "34230",
		"nom_commune" : "Saint-Bauzille-de-la-Sylve",
		"id_position" : 13448,
		"id_departement" : 35,
		"id_region" : 15
	},
	{
		"id_commune" : 13449,
		"code_commune" : "34242",
		"code_postal" : "34160",
		"nom_commune" : "Saint-Bauzille-de-Montmel",
		"id_position" : 13449,
		"id_departement" : 35,
		"id_region" : 15
	},
	{
		"id_commune" : 13450,
		"code_commune" : "34243",
		"code_postal" : "34190",
		"nom_commune" : "Saint-Bauzille-de-Putois",
		"id_position" : 13450,
		"id_departement" : 35,
		"id_region" : 15
	},
	{
		"id_commune" : 13451,
		"code_commune" : "34244",
		"code_postal" : "34670",
		"nom_commune" : "Saint-Brès",
		"id_position" : 13451,
		"id_departement" : 35,
		"id_region" : 15
	},
	{
		"id_commune" : 13452,
		"code_commune" : "34245",
		"code_postal" : "34360",
		"nom_commune" : "Saint-Chinian",
		"id_position" : 13452,
		"id_departement" : 35,
		"id_region" : 15
	},
	{
		"id_commune" : 13453,
		"code_commune" : "34246",
		"code_postal" : "34400",
		"nom_commune" : "Saint-Christol",
		"id_position" : 13453,
		"id_departement" : 35,
		"id_region" : 15
	},
	{
		"id_commune" : 13454,
		"code_commune" : "34247",
		"code_postal" : "34980",
		"nom_commune" : "Saint-Clément-de-Rivière",
		"id_position" : 13454,
		"id_departement" : 35,
		"id_region" : 15
	},
	{
		"id_commune" : 13455,
		"code_commune" : "34248",
		"code_postal" : "34270",
		"nom_commune" : "Sainte-Croix-de-Quintillargues",
		"id_position" : 13455,
		"id_departement" : 35,
		"id_region" : 15
	},
	{
		"id_commune" : 13456,
		"code_commune" : "34249",
		"code_postal" : "34160",
		"nom_commune" : "Saint-Drézéry",
		"id_position" : 13456,
		"id_departement" : 35,
		"id_region" : 15
	},
	{
		"id_commune" : 13457,
		"code_commune" : "34250",
		"code_postal" : "34390",
		"nom_commune" : "Saint-Étienne-d'Albagnan",
		"id_position" : 13457,
		"id_departement" : 35,
		"id_region" : 15
	},
	{
		"id_commune" : 13458,
		"code_commune" : "34251",
		"code_postal" : "34700",
		"nom_commune" : "Saint-Étienne-de-Gourgas",
		"id_position" : 13458,
		"id_departement" : 35,
		"id_region" : 15
	},
	{
		"id_commune" : 13459,
		"code_commune" : "34252",
		"code_postal" : "34260",
		"nom_commune" : "Saint-Étienne-Estréchoux",
		"id_position" : 13459,
		"id_departement" : 35,
		"id_region" : 15
	},
	{
		"id_commune" : 13460,
		"code_commune" : "34253",
		"code_postal" : "34520",
		"nom_commune" : "Saint-Félix-de-l'Héras",
		"id_position" : 13460,
		"id_departement" : 35,
		"id_region" : 15
	},
	{
		"id_commune" : 13461,
		"code_commune" : "34254",
		"code_postal" : "34725",
		"nom_commune" : "Saint-Félix-de-Lodez",
		"id_position" : 13461,
		"id_departement" : 35,
		"id_region" : 15
	},
	{
		"id_commune" : 13462,
		"code_commune" : "34255",
		"code_postal" : "34980",
		"nom_commune" : "Saint-Gély-du-Fesc",
		"id_position" : 13462,
		"id_departement" : 35,
		"id_region" : 15
	},
	{
		"id_commune" : 13463,
		"code_commune" : "34256",
		"code_postal" : "34160",
		"nom_commune" : "Saint-Geniès-des-Mourgues",
		"id_position" : 13463,
		"id_departement" : 35,
		"id_region" : 15
	},
	{
		"id_commune" : 13464,
		"code_commune" : "34257",
		"code_postal" : "34610",
		"nom_commune" : "Saint-Geniès-de-Varensal",
		"id_position" : 13464,
		"id_departement" : 35,
		"id_region" : 15
	},
	{
		"id_commune" : 13465,
		"code_commune" : "34258",
		"code_postal" : "34480",
		"nom_commune" : "Saint-Geniès-de-Fontedit",
		"id_position" : 13465,
		"id_departement" : 35,
		"id_region" : 15
	},
	{
		"id_commune" : 13466,
		"code_commune" : "34259",
		"code_postal" : "34680",
		"nom_commune" : "Saint-Georges-d'Orques",
		"id_position" : 13466,
		"id_departement" : 35,
		"id_region" : 15
	},
	{
		"id_commune" : 13467,
		"code_commune" : "34260",
		"code_postal" : "34610",
		"nom_commune" : "Saint-Gervais-sur-Mare",
		"id_position" : 13467,
		"id_departement" : 35,
		"id_region" : 15
	},
	{
		"id_commune" : 13468,
		"code_commune" : "34261",
		"code_postal" : "34150",
		"nom_commune" : "Saint-Guilhem-le-Désert",
		"id_position" : 13468,
		"id_departement" : 35,
		"id_region" : 15
	},
	{
		"id_commune" : 13469,
		"code_commune" : "34262",
		"code_postal" : "34725",
		"nom_commune" : "Saint-Guiraud",
		"id_position" : 13469,
		"id_departement" : 35,
		"id_region" : 15
	},
	{
		"id_commune" : 13470,
		"code_commune" : "34263",
		"code_postal" : "34160",
		"nom_commune" : "Saint-Hilaire-de-Beauvoir",
		"id_position" : 13470,
		"id_departement" : 35,
		"id_region" : 15
	},
	{
		"id_commune" : 13471,
		"code_commune" : "34264",
		"code_postal" : "34380",
		"nom_commune" : "Saint-Jean-de-Buèges",
		"id_position" : 13471,
		"id_departement" : 35,
		"id_region" : 15
	},
	{
		"id_commune" : 13472,
		"code_commune" : "34265",
		"code_postal" : "34160",
		"nom_commune" : "Saint-Jean-de-Cornies",
		"id_position" : 13472,
		"id_departement" : 35,
		"id_region" : 15
	},
	{
		"id_commune" : 13473,
		"code_commune" : "34266",
		"code_postal" : "34270",
		"nom_commune" : "Saint-Jean-de-Cuculles",
		"id_position" : 13473,
		"id_departement" : 35,
		"id_region" : 15
	},
	{
		"id_commune" : 13474,
		"code_commune" : "34267",
		"code_postal" : "34150",
		"nom_commune" : "Saint-Jean-de-Fos",
		"id_position" : 13474,
		"id_departement" : 35,
		"id_region" : 15
	},
	{
		"id_commune" : 13475,
		"code_commune" : "34268",
		"code_postal" : "34700",
		"nom_commune" : "Saint-Jean-de-la-Blaquière",
		"id_position" : 13475,
		"id_departement" : 35,
		"id_region" : 15
	},
	{
		"id_commune" : 13476,
		"code_commune" : "34269",
		"code_postal" : "34360",
		"nom_commune" : "Saint-Jean-de-Minervois",
		"id_position" : 13476,
		"id_departement" : 35,
		"id_region" : 15
	},
	{
		"id_commune" : 13477,
		"code_commune" : "34270",
		"code_postal" : "34430",
		"nom_commune" : "Saint-Jean-de-Védas",
		"id_position" : 13477,
		"id_departement" : 35,
		"id_region" : 15
	},
	{
		"id_commune" : 13478,
		"code_commune" : "34271",
		"code_postal" : "34390",
		"nom_commune" : "Saint-Julien",
		"id_position" : 13478,
		"id_departement" : 35,
		"id_region" : 15
	},
	{
		"id_commune" : 13479,
		"code_commune" : "34272",
		"code_postal" : "34400",
		"nom_commune" : "Saint-Just",
		"id_position" : 13479,
		"id_departement" : 35,
		"id_region" : 15
	},
	{
		"id_commune" : 13480,
		"code_commune" : "34273",
		"code_postal" : "34390",
		"nom_commune" : "Saint-Martin-de-l'Arçon",
		"id_position" : 13480,
		"id_departement" : 35,
		"id_region" : 15
	},
	{
		"id_commune" : 13481,
		"code_commune" : "34274",
		"code_postal" : "34380",
		"nom_commune" : "Saint-Martin-de-Londres",
		"id_position" : 13481,
		"id_departement" : 35,
		"id_region" : 15
	},
	{
		"id_commune" : 13482,
		"code_commune" : "34276",
		"code_postal" : "34270",
		"nom_commune" : "Saint-Mathieu-de-Tréviers",
		"id_position" : 13482,
		"id_departement" : 35,
		"id_region" : 15
	},
	{
		"id_commune" : 13483,
		"code_commune" : "34277",
		"code_postal" : "34190",
		"nom_commune" : "Saint-Maurice-Navacelles",
		"id_position" : 13483,
		"id_departement" : 35,
		"id_region" : 15
	},
	{
		"id_commune" : 13484,
		"code_commune" : "34278",
		"code_postal" : "34520",
		"nom_commune" : "Saint-Michel",
		"id_position" : 13484,
		"id_departement" : 35,
		"id_region" : 15
	},
	{
		"id_commune" : 13485,
		"code_commune" : "34279",
		"code_postal" : "34490",
		"nom_commune" : "Saint-Nazaire-de-Ladarez",
		"id_position" : 13485,
		"id_departement" : 35,
		"id_region" : 15
	},
	{
		"id_commune" : 13486,
		"code_commune" : "34280",
		"code_postal" : "34400",
		"nom_commune" : "Saint-Nazaire-de-Pézan",
		"id_position" : 13486,
		"id_departement" : 35,
		"id_region" : 15
	},
	{
		"id_commune" : 13487,
		"code_commune" : "34281",
		"code_postal" : "34230",
		"nom_commune" : "Saint-Pargoire",
		"id_position" : 13487,
		"id_departement" : 35,
		"id_region" : 15
	},
	{
		"id_commune" : 13488,
		"code_commune" : "34282",
		"code_postal" : "34570",
		"nom_commune" : "Saint-Paul-et-Valmalle",
		"id_position" : 13488,
		"id_departement" : 35,
		"id_region" : 15
	},
	{
		"id_commune" : 13489,
		"code_commune" : "34283",
		"code_postal" : "34520",
		"nom_commune" : "Saint-Pierre-de-la-Fage",
		"id_position" : 13489,
		"id_departement" : 35,
		"id_region" : 15
	},
	{
		"id_commune" : 13490,
		"code_commune" : "34284",
		"code_postal" : "34220",
		"nom_commune" : "Saint-Pons-de-Thomières",
		"id_position" : 13490,
		"id_departement" : 35,
		"id_region" : 15
	},
	{
		"id_commune" : 13491,
		"code_commune" : "34285",
		"code_postal" : "34230",
		"nom_commune" : "Saint-Pons-de-Mauchiens",
		"id_position" : 13491,
		"id_departement" : 35,
		"id_region" : 15
	},
	{
		"id_commune" : 13492,
		"code_commune" : "34286",
		"code_postal" : "34700",
		"nom_commune" : "Saint-Privat",
		"id_position" : 13492,
		"id_departement" : 35,
		"id_region" : 15
	},
	{
		"id_commune" : 13493,
		"code_commune" : "34287",
		"code_postal" : "34725",
		"nom_commune" : "Saint-Saturnin-de-Lucian",
		"id_position" : 13493,
		"id_departement" : 35,
		"id_region" : 15
	},
	{
		"id_commune" : 13494,
		"code_commune" : "34288",
		"code_postal" : "34400",
		"nom_commune" : "Saint-Sériès",
		"id_position" : 13494,
		"id_departement" : 35,
		"id_region" : 15
	},
	{
		"id_commune" : 13495,
		"code_commune" : "34289",
		"code_postal" : "34630",
		"nom_commune" : "Saint-Thibéry",
		"id_position" : 13495,
		"id_departement" : 35,
		"id_region" : 15
	},
	{
		"id_commune" : 13496,
		"code_commune" : "34290",
		"code_postal" : "34730",
		"nom_commune" : "Saint-Vincent-de-Barbeyrargues",
		"id_position" : 13496,
		"id_departement" : 35,
		"id_region" : 15
	},
	{
		"id_commune" : 13497,
		"code_commune" : "34291",
		"code_postal" : "34390",
		"nom_commune" : "Saint-Vincent-d'Olargues",
		"id_position" : 13497,
		"id_departement" : 35,
		"id_region" : 15
	},
	{
		"id_commune" : 13498,
		"code_commune" : "34292",
		"code_postal" : "34800",
		"nom_commune" : "Salasc",
		"id_position" : 13498,
		"id_departement" : 35,
		"id_region" : 15
	},
	{
		"id_commune" : 13499,
		"code_commune" : "34293",
		"code_postal" : "34330",
		"nom_commune" : "La Salvetat-sur-Agout",
		"id_position" : 13499,
		"id_departement" : 35,
		"id_region" : 15
	},
	{
		"id_commune" : 13500,
		"code_commune" : "34294",
		"code_postal" : "34400",
		"nom_commune" : "Saturargues",
		"id_position" : 13500,
		"id_departement" : 35,
		"id_region" : 15
	},
	{
		"id_commune" : 13501,
		"code_commune" : "34295",
		"code_postal" : "34570",
		"nom_commune" : "Saussan",
		"id_position" : 13501,
		"id_departement" : 35,
		"id_region" : 15
	},
	{
		"id_commune" : 13502,
		"code_commune" : "34296",
		"code_postal" : "34160",
		"nom_commune" : "Saussines",
		"id_position" : 13502,
		"id_departement" : 35,
		"id_region" : 15
	},
	{
		"id_commune" : 13503,
		"code_commune" : "34297",
		"code_postal" : "34270",
		"nom_commune" : "Sauteyrargues",
		"id_position" : 13503,
		"id_departement" : 35,
		"id_region" : 15
	},
	{
		"id_commune" : 13504,
		"code_commune" : "34298",
		"code_postal" : "34410",
		"nom_commune" : "Sauvian",
		"id_position" : 13504,
		"id_departement" : 35,
		"id_region" : 15
	},
	{
		"id_commune" : 13505,
		"code_commune" : "34299",
		"code_postal" : "34410",
		"nom_commune" : "Sérignan",
		"id_position" : 13505,
		"id_departement" : 35,
		"id_region" : 15
	},
	{
		"id_commune" : 13506,
		"code_commune" : "34300",
		"code_postal" : "34290",
		"nom_commune" : "Servian",
		"id_position" : 13506,
		"id_departement" : 35,
		"id_region" : 15
	},
	{
		"id_commune" : 13507,
		"code_commune" : "34301",
		"code_postal" : "34200",
		"nom_commune" : "Sète",
		"id_position" : 13507,
		"id_departement" : 35,
		"id_region" : 15
	},
	{
		"id_commune" : 13508,
		"code_commune" : "34302",
		"code_postal" : "34210",
		"nom_commune" : "Siran",
		"id_position" : 13508,
		"id_departement" : 35,
		"id_region" : 15
	},
	{
		"id_commune" : 13509,
		"code_commune" : "34303",
		"code_postal" : "34520",
		"nom_commune" : "Sorbs",
		"id_position" : 13509,
		"id_departement" : 35,
		"id_region" : 15
	},
	{
		"id_commune" : 13510,
		"code_commune" : "34304",
		"code_postal" : "34700",
		"nom_commune" : "Soubès",
		"id_position" : 13510,
		"id_departement" : 35,
		"id_region" : 15
	},
	{
		"id_commune" : 13511,
		"code_commune" : "34305",
		"code_postal" : "34330",
		"nom_commune" : "Le Soulié",
		"id_position" : 13511,
		"id_departement" : 35,
		"id_region" : 15
	},
	{
		"id_commune" : 13512,
		"code_commune" : "34306",
		"code_postal" : "34700",
		"nom_commune" : "Soumont",
		"id_position" : 13512,
		"id_departement" : 35,
		"id_region" : 15
	},
	{
		"id_commune" : 13513,
		"code_commune" : "34307",
		"code_postal" : "34160",
		"nom_commune" : "Sussargues",
		"id_position" : 13513,
		"id_departement" : 35,
		"id_region" : 15
	},
	{
		"id_commune" : 13514,
		"code_commune" : "34308",
		"code_postal" : "34600",
		"nom_commune" : "Taussac-la-Billière",
		"id_position" : 13514,
		"id_departement" : 35,
		"id_region" : 15
	},
	{
		"id_commune" : 13515,
		"code_commune" : "34309",
		"code_postal" : "34820",
		"nom_commune" : "Teyran",
		"id_position" : 13515,
		"id_departement" : 35,
		"id_region" : 15
	},
	{
		"id_commune" : 13516,
		"code_commune" : "34310",
		"code_postal" : "34490",
		"nom_commune" : "Thézan-lès-Béziers",
		"id_position" : 13516,
		"id_departement" : 35,
		"id_region" : 15
	},
	{
		"id_commune" : 13517,
		"code_commune" : "34311",
		"code_postal" : "34120",
		"nom_commune" : "Tourbes",
		"id_position" : 13517,
		"id_departement" : 35,
		"id_region" : 15
	},
	{
		"id_commune" : 13518,
		"code_commune" : "34312",
		"code_postal" : "34260",
		"nom_commune" : "La Tour-sur-Orb",
		"id_position" : 13518,
		"id_departement" : 35,
		"id_region" : 15
	},
	{
		"id_commune" : 13519,
		"code_commune" : "34313",
		"code_postal" : "34230",
		"nom_commune" : "Tressan",
		"id_position" : 13519,
		"id_departement" : 35,
		"id_region" : 15
	},
	{
		"id_commune" : 13520,
		"code_commune" : "34314",
		"code_postal" : "34270",
		"nom_commune" : "Le Triadou",
		"id_position" : 13520,
		"id_departement" : 35,
		"id_region" : 15
	},
	{
		"id_commune" : 13521,
		"code_commune" : "34315",
		"code_postal" : "34230",
		"nom_commune" : "Usclas-d'Hérault",
		"id_position" : 13521,
		"id_departement" : 35,
		"id_region" : 15
	},
	{
		"id_commune" : 13522,
		"code_commune" : "34316",
		"code_postal" : "34700",
		"nom_commune" : "Usclas-du-Bosc",
		"id_position" : 13522,
		"id_departement" : 35,
		"id_region" : 15
	},
	{
		"id_commune" : 13523,
		"code_commune" : "34317",
		"code_postal" : "34520",
		"nom_commune" : "La Vacquerie-et-Saint-Martin-de-Castries",
		"id_position" : 13523,
		"id_departement" : 35,
		"id_region" : 15
	},
	{
		"id_commune" : 13524,
		"code_commune" : "34318",
		"code_postal" : "34270",
		"nom_commune" : "Vacquières",
		"id_position" : 13524,
		"id_departement" : 35,
		"id_region" : 15
	},
	{
		"id_commune" : 13525,
		"code_commune" : "34319",
		"code_postal" : "34320",
		"nom_commune" : "Vailhan",
		"id_position" : 13525,
		"id_departement" : 35,
		"id_region" : 15
	},
	{
		"id_commune" : 13526,
		"code_commune" : "34320",
		"code_postal" : "34570",
		"nom_commune" : "Vailhauquès",
		"id_position" : 13526,
		"id_departement" : 35,
		"id_region" : 15
	},
	{
		"id_commune" : 13527,
		"code_commune" : "34321",
		"code_postal" : "34130",
		"nom_commune" : "Valergues",
		"id_position" : 13527,
		"id_departement" : 35,
		"id_region" : 15
	},
	{
		"id_commune" : 13528,
		"code_commune" : "34322",
		"code_postal" : "34270",
		"nom_commune" : "Valflaunès",
		"id_position" : 13528,
		"id_departement" : 35,
		"id_region" : 15
	},
	{
		"id_commune" : 13529,
		"code_commune" : "34323",
		"code_postal" : "34800",
		"nom_commune" : "Valmascle",
		"id_position" : 13529,
		"id_departement" : 35,
		"id_region" : 15
	},
	{
		"id_commune" : 13530,
		"code_commune" : "34324",
		"code_postal" : "34350",
		"nom_commune" : "Valras-Plage",
		"id_position" : 13530,
		"id_departement" : 35,
		"id_region" : 15
	},
	{
		"id_commune" : 13531,
		"code_commune" : "34325",
		"code_postal" : "34290",
		"nom_commune" : "Valros",
		"id_position" : 13531,
		"id_departement" : 35,
		"id_region" : 15
	},
	{
		"id_commune" : 13532,
		"code_commune" : "34326",
		"code_postal" : "34220",
		"nom_commune" : "Vélieux",
		"id_position" : 13532,
		"id_departement" : 35,
		"id_region" : 15
	},
	{
		"id_commune" : 13533,
		"code_commune" : "34327",
		"code_postal" : "34740",
		"nom_commune" : "Vendargues",
		"id_position" : 13533,
		"id_departement" : 35,
		"id_region" : 15
	},
	{
		"id_commune" : 13534,
		"code_commune" : "34328",
		"code_postal" : "34230",
		"nom_commune" : "Vendémian",
		"id_position" : 13534,
		"id_departement" : 35,
		"id_region" : 15
	},
	{
		"id_commune" : 13535,
		"code_commune" : "34329",
		"code_postal" : "34350",
		"nom_commune" : "Vendres",
		"id_position" : 13535,
		"id_departement" : 35,
		"id_region" : 15
	},
	{
		"id_commune" : 13536,
		"code_commune" : "34330",
		"code_postal" : "34400",
		"nom_commune" : "Vérargues",
		"id_position" : 13536,
		"id_departement" : 35,
		"id_region" : 15
	},
	{
		"id_commune" : 13537,
		"code_commune" : "34331",
		"code_postal" : "34220",
		"nom_commune" : "Verreries-de-Moussans",
		"id_position" : 13537,
		"id_departement" : 35,
		"id_region" : 15
	},
	{
		"id_commune" : 13538,
		"code_commune" : "34332",
		"code_postal" : "34450",
		"nom_commune" : "Vias",
		"id_position" : 13538,
		"id_departement" : 35,
		"id_region" : 15
	},
	{
		"id_commune" : 13539,
		"code_commune" : "34333",
		"code_postal" : "34110",
		"nom_commune" : "Vic-la-Gardiole",
		"id_position" : 13539,
		"id_departement" : 35,
		"id_region" : 15
	},
	{
		"id_commune" : 13540,
		"code_commune" : "34334",
		"code_postal" : "34390",
		"nom_commune" : "Vieussan",
		"id_position" : 13540,
		"id_departement" : 35,
		"id_region" : 15
	},
	{
		"id_commune" : 13541,
		"code_commune" : "34335",
		"code_postal" : "34600",
		"nom_commune" : "Villemagne-l'Argentière",
		"id_position" : 13541,
		"id_departement" : 35,
		"id_region" : 15
	},
	{
		"id_commune" : 13542,
		"code_commune" : "34336",
		"code_postal" : "34420",
		"nom_commune" : "Villeneuve-lès-Béziers",
		"id_position" : 13542,
		"id_departement" : 35,
		"id_region" : 15
	},
	{
		"id_commune" : 13543,
		"code_commune" : "34337",
		"code_postal" : "34750",
		"nom_commune" : "Villeneuve-lès-Maguelone",
		"id_position" : 13543,
		"id_departement" : 35,
		"id_region" : 15
	},
	{
		"id_commune" : 13544,
		"code_commune" : "34338",
		"code_postal" : "34800",
		"nom_commune" : "Villeneuvette",
		"id_position" : 13544,
		"id_departement" : 35,
		"id_region" : 15
	},
	{
		"id_commune" : 13545,
		"code_commune" : "34339",
		"code_postal" : "34360",
		"nom_commune" : "Villespassans",
		"id_position" : 13545,
		"id_departement" : 35,
		"id_region" : 15
	},
	{
		"id_commune" : 13546,
		"code_commune" : "34340",
		"code_postal" : "34400",
		"nom_commune" : "Villetelle",
		"id_position" : 13546,
		"id_departement" : 35,
		"id_region" : 15
	},
	{
		"id_commune" : 13547,
		"code_commune" : "34341",
		"code_postal" : "34560",
		"nom_commune" : "Villeveyrac",
		"id_position" : 13547,
		"id_departement" : 35,
		"id_region" : 15
	},
	{
		"id_commune" : 13548,
		"code_commune" : "34342",
		"code_postal" : "34380",
		"nom_commune" : "Viols-en-Laval",
		"id_position" : 13548,
		"id_departement" : 35,
		"id_region" : 15
	},
	{
		"id_commune" : 13549,
		"code_commune" : "34343",
		"code_postal" : "34380",
		"nom_commune" : "Viols-le-Fort",
		"id_position" : 13549,
		"id_departement" : 35,
		"id_region" : 15
	},
	{
		"id_commune" : 13550,
		"code_commune" : "34344",
		"code_postal" : "34280",
		"nom_commune" : "La Grande-Motte",
		"id_position" : 13550,
		"id_departement" : 35,
		"id_region" : 15
	}
]}
