{
"SELECT p.id_position, p.latitude , p.longitude  FROM harmony_habitat.commune c, harmony_habitat.position_gps p\nWHERE p.id_position = c.id_position\nAND c.id_departement = 35": [
	{
		"id_position" : 13208,
		"latitude" : 43.4575019905,
		"longitude" : 3.2992350831
	},
	{
		"id_position" : 13209,
		"latitude" : 43.5354735190,
		"longitude" : 3.4260847599
	},
	{
		"id_position" : 13210,
		"latitude" : 43.3091291160,
		"longitude" : 3.4844790313
	},
	{
		"id_position" : 13211,
		"latitude" : 43.3482634234,
		"longitude" : 2.8535479564
	},
	{
		"id_position" : 13212,
		"latitude" : 43.9010523591,
		"longitude" : 3.7265263041
	},
	{
		"id_position" : 13213,
		"latitude" : 43.3255517298,
		"longitude" : 2.7930839514
	},
	{
		"id_position" : 13214,
		"latitude" : 43.3476601284,
		"longitude" : 2.8249340001
	},
	{
		"id_position" : 13215,
		"latitude" : 43.5695523361,
		"longitude" : 3.0713897321
	},
	{
		"id_position" : 13216,
		"latitude" : 43.4688122746,
		"longitude" : 3.3392572471
	},
	{
		"id_position" : 13217,
		"latitude" : 43.6835011433,
		"longitude" : 3.5925943761
	},
	{
		"id_position" : 13218,
		"latitude" : 43.7212717776,
		"longitude" : 3.4740931236
	},
	{
		"id_position" : 13219,
		"latitude" : 43.7249523063,
		"longitude" : 3.6742072025
	},
	{
		"id_position" : 13220,
		"latitude" : 43.5672233099,
		"longitude" : 3.4481611939
	},
	{
		"id_position" : 13221,
		"latitude" : 43.7104129973,
		"longitude" : 3.8979049006
	},
	{
		"id_position" : 13222,
		"latitude" : 43.3998665892,
		"longitude" : 2.8868499773
	},
	{
		"id_position" : 13223,
		"latitude" : 43.5777908844,
		"longitude" : 3.6172787886
	},
	{
		"id_position" : 13224,
		"latitude" : 43.4638784757,
		"longitude" : 3.4699396661
	},
	{
		"id_position" : 13225,
		"latitude" : 43.4997194171,
		"longitude" : 3.1676751245
	},
	{
		"id_position" : 13226,
		"latitude" : 43.7483953944,
		"longitude" : 3.1046754239
	},
	{
		"id_position" : 13227,
		"latitude" : 43.3236122497,
		"longitude" : 2.7450410190
	},
	{
		"id_position" : 13228,
		"latitude" : 43.4382106135,
		"longitude" : 2.8929807832
	},
	{
		"id_position" : 13229,
		"latitude" : 43.6581051757,
		"longitude" : 4.0103049118
	},
	{
		"id_position" : 13230,
		"latitude" : 43.4469007065,
		"longitude" : 3.6907208680
	},
	{
		"id_position" : 13231,
		"latitude" : 43.4659799669,
		"longitude" : 3.6971336751
	},
	{
		"id_position" : 13232,
		"latitude" : 43.4084026514,
		"longitude" : 3.2545400418
	},
	{
		"id_position" : 13233,
		"latitude" : 43.3040872042,
		"longitude" : 2.7682934250
	},
	{
		"id_position" : 13234,
		"latitude" : 43.7298984427,
		"longitude" : 4.0211890099
	},
	{
		"id_position" : 13235,
		"latitude" : 43.6125569074,
		"longitude" : 3.1668078720
	},
	{
		"id_position" : 13236,
		"latitude" : 43.5541458971,
		"longitude" : 3.5000617213
	},
	{
		"id_position" : 13237,
		"latitude" : 43.4985990248,
		"longitude" : 2.9499895143
	},
	{
		"id_position" : 13238,
		"latitude" : 43.3569862701,
		"longitude" : 3.4166040854
	},
	{
		"id_position" : 13239,
		"latitude" : 43.3475883319,
		"longitude" : 3.2307675416
	},
	{
		"id_position" : 13240,
		"latitude" : 43.7523646952,
		"longitude" : 4.0762107532
	},
	{
		"id_position" : 13241,
		"latitude" : 43.4017637442,
		"longitude" : 2.6902460533
	},
	{
		"id_position" : 13242,
		"latitude" : 43.6543984294,
		"longitude" : 3.6442886387
	},
	{
		"id_position" : 13243,
		"latitude" : 43.6957752498,
		"longitude" : 3.3871068745
	},
	{
		"id_position" : 13244,
		"latitude" : 43.3803202017,
		"longitude" : 3.2631319479
	},
	{
		"id_position" : 13245,
		"latitude" : 43.7025373477,
		"longitude" : 3.1515028087
	},
	{
		"id_position" : 13246,
		"latitude" : 43.4453207742,
		"longitude" : 3.6570755507
	},
	{
		"id_position" : 13247,
		"latitude" : 43.6412617949,
		"longitude" : 3.2535981759
	},
	{
		"id_position" : 13248,
		"latitude" : 43.6219841604,
		"longitude" : 3.4708157337
	},
	{
		"id_position" : 13249,
		"latitude" : 43.8680305219,
		"longitude" : 3.7050969176
	},
	{
		"id_position" : 13250,
		"latitude" : 43.7715993270,
		"longitude" : 3.9949107051
	},
	{
		"id_position" : 13251,
		"latitude" : 43.5347800126,
		"longitude" : 3.1220708323
	},
	{
		"id_position" : 13252,
		"latitude" : 43.5777973112,
		"longitude" : 3.3480060756
	},
	{
		"id_position" : 13253,
		"latitude" : 43.6255044520,
		"longitude" : 2.8904708498
	},
	{
		"id_position" : 13254,
		"latitude" : 43.5407744121,
		"longitude" : 3.4923923485
	},
	{
		"id_position" : 13255,
		"latitude" : 43.7858302535,
		"longitude" : 4.0344998414
	},
	{
		"id_position" : 13256,
		"latitude" : 43.6898005202,
		"longitude" : 3.1117948683
	},
	{
		"id_position" : 13257,
		"latitude" : 43.6184336518,
		"longitude" : 4.0639794361
	},
	{
		"id_position" : 13258,
		"latitude" : 43.5983184879,
		"longitude" : 3.4827995059
	},
	{
		"id_position" : 13259,
		"latitude" : 43.3217608814,
		"longitude" : 3.0481354292
	},
	{
		"id_position" : 13260,
		"latitude" : 43.6298590815,
		"longitude" : 3.2203429171
	},
	{
		"id_position" : 13261,
		"latitude" : 43.3973278254,
		"longitude" : 2.6017828918
	},
	{
		"id_position" : 13262,
		"latitude" : 43.6738023402,
		"longitude" : 2.9549064945
	},
	{
		"id_position" : 13263,
		"latitude" : 43.4352029154,
		"longitude" : 3.4713049827
	},
	{
		"id_position" : 13264,
		"latitude" : 43.6380218809,
		"longitude" : 3.9126541603
	},
	{
		"id_position" : 13265,
		"latitude" : 43.6886913473,
		"longitude" : 3.9790984968
	},
	{
		"id_position" : 13266,
		"latitude" : 43.3674487312,
		"longitude" : 2.7872152313
	},
	{
		"id_position" : 13267,
		"latitude" : 43.7933184050,
		"longitude" : 3.6292280320
	},
	{
		"id_position" : 13268,
		"latitude" : 43.4679658506,
		"longitude" : 3.0914081752
	},
	{
		"id_position" : 13269,
		"latitude" : 43.5484030335,
		"longitude" : 3.1556320193
	},
	{
		"id_position" : 13270,
		"latitude" : 43.5044671037,
		"longitude" : 3.3682722292
	},
	{
		"id_position" : 13271,
		"latitude" : 43.8716890931,
		"longitude" : 3.3115747399
	},
	{
		"id_position" : 13272,
		"latitude" : 43.4234094585,
		"longitude" : 3.0282977991
	},
	{
		"id_position" : 13273,
		"latitude" : 43.7640929334,
		"longitude" : 3.7948793900
	},
	{
		"id_position" : 13274,
		"latitude" : 43.9181503248,
		"longitude" : 3.6907325131
	},
	{
		"id_position" : 13275,
		"latitude" : 43.5018486169,
		"longitude" : 3.4572746602
	},
	{
		"id_position" : 13276,
		"latitude" : 43.3976310061,
		"longitude" : 3.0996840834
	},
	{
		"id_position" : 13277,
		"latitude" : 43.4057714323,
		"longitude" : 2.9875354473
	},
	{
		"id_position" : 13278,
		"latitude" : 43.8093223180,
		"longitude" : 3.0918423243
	},
	{
		"id_position" : 13279,
		"latitude" : 43.6663640232,
		"longitude" : 3.3596787396
	},
	{
		"id_position" : 13280,
		"latitude" : 43.3302709569,
		"longitude" : 3.3172957315
	},
	{
		"id_position" : 13281,
		"latitude" : 43.4542559530,
		"longitude" : 3.0410568584
	},
	{
		"id_position" : 13282,
		"latitude" : 43.3311589874,
		"longitude" : 2.7040669503
	},
	{
		"id_position" : 13283,
		"latitude" : 43.6499208195,
		"longitude" : 3.4596793094
	},
	{
		"id_position" : 13284,
		"latitude" : 43.6620192267,
		"longitude" : 3.8868974820
	},
	{
		"id_position" : 13285,
		"latitude" : 43.8572510508,
		"longitude" : 3.8764864729
	},
	{
		"id_position" : 13286,
		"latitude" : 43.6338885209,
		"longitude" : 3.4131741568
	},
	{
		"id_position" : 13287,
		"latitude" : 43.5853145564,
		"longitude" : 3.0108465421
	},
	{
		"id_position" : 13288,
		"latitude" : 43.3154427074,
		"longitude" : 3.1440848961
	},
	{
		"id_position" : 13289,
		"latitude" : 43.6724651023,
		"longitude" : 3.7794943253
	},
	{
		"id_position" : 13290,
		"latitude" : 43.6024112450,
		"longitude" : 3.0476220061
	},
	{
		"id_position" : 13291,
		"latitude" : 43.4019158731,
		"longitude" : 3.1964690999
	},
	{
		"id_position" : 13292,
		"latitude" : 43.4507697404,
		"longitude" : 3.2749598916
	},
	{
		"id_position" : 13293,
		"latitude" : 43.4893575010,
		"longitude" : 2.6932521031
	},
	{
		"id_position" : 13294,
		"latitude" : 43.5404276115,
		"longitude" : 3.7027614794
	},
	{
		"id_position" : 13295,
		"latitude" : 43.5694241257,
		"longitude" : 3.7064285359
	},
	{
		"id_position" : 13296,
		"latitude" : 43.3771624265,
		"longitude" : 2.9997606214
	},
	{
		"id_position" : 13297,
		"latitude" : 43.6540978695,
		"longitude" : 3.9360885124
	},
	{
		"id_position" : 13298,
		"latitude" : 43.8802736977,
		"longitude" : 3.3630492794
	},
	{
		"id_position" : 13299,
		"latitude" : 43.3518501139,
		"longitude" : 2.9345108267
	},
	{
		"id_position" : 13300,
		"latitude" : 43.6690497036,
		"longitude" : 3.2210169710
	},
	{
		"id_position" : 13301,
		"latitude" : 43.4372418767,
		"longitude" : 3.2579579092
	},
	{
		"id_position" : 13302,
		"latitude" : 43.5344767016,
		"longitude" : 3.7719295189
	},
	{
		"id_position" : 13303,
		"latitude" : 43.5687652177,
		"longitude" : 3.1834912100
	},
	{
		"id_position" : 13304,
		"latitude" : 43.3540367830,
		"longitude" : 2.5818724566
	},
	{
		"id_position" : 13305,
		"latitude" : 43.4188135877,
		"longitude" : 2.6417753577
	},
	{
		"id_position" : 13306,
		"latitude" : 43.8675537207,
		"longitude" : 3.8002896239
	},
	{
		"id_position" : 13307,
		"latitude" : 43.4833450309,
		"longitude" : 2.9035405120
	},
	{
		"id_position" : 13308,
		"latitude" : 43.3858472782,
		"longitude" : 3.4638416795
	},
	{
		"id_position" : 13309,
		"latitude" : 43.7944026303,
		"longitude" : 3.9183977110
	},
	{
		"id_position" : 13310,
		"latitude" : 43.5419967541,
		"longitude" : 3.3902655601
	},
	{
		"id_position" : 13311,
		"latitude" : 43.5681193831,
		"longitude" : 3.2420044484
	},
	{
		"id_position" : 13312,
		"latitude" : 43.5057316875,
		"longitude" : 3.2371723318
	},
	{
		"id_position" : 13313,
		"latitude" : 43.7508754164,
		"longitude" : 3.3559598282
	},
	{
		"id_position" : 13314,
		"latitude" : 43.5926354982,
		"longitude" : 2.7970553113
	},
	{
		"id_position" : 13315,
		"latitude" : 43.4482458873,
		"longitude" : 3.7492352242
	},
	{
		"id_position" : 13316,
		"latitude" : 43.5181480219,
		"longitude" : 3.2644975593
	},
	{
		"id_position" : 13317,
		"latitude" : 43.7823313364,
		"longitude" : 4.0078260880
	},
	{
		"id_position" : 13318,
		"latitude" : 43.9457300618,
		"longitude" : 3.7052381606
	},
	{
		"id_position" : 13319,
		"latitude" : 43.7983239512,
		"longitude" : 4.0104908752
	},
	{
		"id_position" : 13320,
		"latitude" : 43.4940932526,
		"longitude" : 3.7235399880
	},
	{
		"id_position" : 13321,
		"latitude" : 43.6393937216,
		"longitude" : 3.5738462887
	},
	{
		"id_position" : 13322,
		"latitude" : 43.8843569278,
		"longitude" : 3.6246279561
	},
	{
		"id_position" : 13323,
		"latitude" : 43.6507076799,
		"longitude" : 3.7942326202
	},
	{
		"id_position" : 13324,
		"latitude" : 43.6862996463,
		"longitude" : 3.0852263676
	},
	{
		"id_position" : 13325,
		"latitude" : 43.7292469184,
		"longitude" : 3.9239639392
	},
	{
		"id_position" : 13326,
		"latitude" : 43.5917891690,
		"longitude" : 3.1177018776
	},
	{
		"id_position" : 13327,
		"latitude" : 43.6629846943,
		"longitude" : 3.9119610777
	},
	{
		"id_position" : 13328,
		"latitude" : 43.7662193916,
		"longitude" : 3.1831009680
	},
	{
		"id_position" : 13329,
		"latitude" : 43.6739016250,
		"longitude" : 3.4781346769
	},
	{
		"id_position" : 13330,
		"latitude" : 43.6237646402,
		"longitude" : 3.7957937518
	},
	{
		"id_position" : 13331,
		"latitude" : 43.6572095085,
		"longitude" : 3.4231660188
	},
	{
		"id_position" : 13332,
		"latitude" : 43.6745844077,
		"longitude" : 3.5321562547
	},
	{
		"id_position" : 13333,
		"latitude" : 43.5964619142,
		"longitude" : 3.0844540522
	},
	{
		"id_position" : 13334,
		"latitude" : 43.6364436854,
		"longitude" : 4.0827044367
	},
	{
		"id_position" : 13335,
		"latitude" : 43.9256514661,
		"longitude" : 3.7334329306
	},
	{
		"id_position" : 13336,
		"latitude" : 43.5638594056,
		"longitude" : 3.9022622286
	},
	{
		"id_position" : 13337,
		"latitude" : 43.5218394157,
		"longitude" : 3.1996305574
	},
	{
		"id_position" : 13338,
		"latitude" : 43.8313701737,
		"longitude" : 3.8818758700
	},
	{
		"id_position" : 13339,
		"latitude" : 43.7915234446,
		"longitude" : 3.2783149255
	},
	{
		"id_position" : 13340,
		"latitude" : 43.6926559892,
		"longitude" : 3.2713923430
	},
	{
		"id_position" : 13341,
		"latitude" : 43.5848099789,
		"longitude" : 3.8016894997
	},
	{
		"id_position" : 13342,
		"latitude" : 43.2737109255,
		"longitude" : 3.1698225662
	},
	{
		"id_position" : 13343,
		"latitude" : 43.4922078632,
		"longitude" : 3.4396098196
	},
	{
		"id_position" : 13344,
		"latitude" : 43.6402749752,
		"longitude" : 3.3604406389
	},
	{
		"id_position" : 13345,
		"latitude" : 43.5916311464,
		"longitude" : 3.4087838573
	},
	{
		"id_position" : 13346,
		"latitude" : 43.4122997013,
		"longitude" : 3.2306623204
	},
	{
		"id_position" : 13347,
		"latitude" : 43.3824866340,
		"longitude" : 3.1727045778
	},
	{
		"id_position" : 13348,
		"latitude" : 43.3372267899,
		"longitude" : 2.6327234026
	},
	{
		"id_position" : 13349,
		"latitude" : 43.7307354901,
		"longitude" : 3.3056766788
	},
	{
		"id_position" : 13350,
		"latitude" : 43.4494192218,
		"longitude" : 3.6263826798
	},
	{
		"id_position" : 13351,
		"latitude" : 43.7089785299,
		"longitude" : 3.2060749246
	},
	{
		"id_position" : 13352,
		"latitude" : 43.6820481757,
		"longitude" : 4.1356647230
	},
	{
		"id_position" : 13353,
		"latitude" : 43.6826642395,
		"longitude" : 4.0842229634
	},
	{
		"id_position" : 13354,
		"latitude" : 43.4808688877,
		"longitude" : 3.2174458927
	},
	{
		"id_position" : 13355,
		"latitude" : 43.3705670730,
		"longitude" : 3.1537894615
	},
	{
		"id_position" : 13356,
		"latitude" : 43.4864901755,
		"longitude" : 3.3040691816
	},
	{
		"id_position" : 13357,
		"latitude" : 43.3605776007,
		"longitude" : 3.5471896376
	},
	{
		"id_position" : 13358,
		"latitude" : 43.6268280772,
		"longitude" : 4.1478195736
	},
	{
		"id_position" : 13359,
		"latitude" : 43.7875830947,
		"longitude" : 3.7738138590
	},
	{
		"id_position" : 13360,
		"latitude" : 43.7279155498,
		"longitude" : 3.8068218202
	},
	{
		"id_position" : 13361,
		"latitude" : 43.5928279472,
		"longitude" : 4.0042569334
	},
	{
		"id_position" : 13362,
		"latitude" : 43.3515394407,
		"longitude" : 3.1017084652
	},
	{
		"id_position" : 13363,
		"latitude" : 43.6355182849,
		"longitude" : 3.2801579916
	},
	{
		"id_position" : 13364,
		"latitude" : 43.4292981138,
		"longitude" : 3.5777457297
	},
	{
		"id_position" : 13365,
		"latitude" : 43.3629052396,
		"longitude" : 2.7216054759
	},
	{
		"id_position" : 13366,
		"latitude" : 43.5170572388,
		"longitude" : 3.8030653182
	},
	{
		"id_position" : 13367,
		"latitude" : 43.5698246812,
		"longitude" : 2.9630744855
	},
	{
		"id_position" : 13368,
		"latitude" : 43.3285047609,
		"longitude" : 3.1139872490
	},
	{
		"id_position" : 13369,
		"latitude" : 43.4745284586,
		"longitude" : 3.5107421698
	},
	{
		"id_position" : 13370,
		"latitude" : 43.6470278582,
		"longitude" : 3.6997028002
	},
	{
		"id_position" : 13371,
		"latitude" : 43.7478625345,
		"longitude" : 3.9601997290
	},
	{
		"id_position" : 13372,
		"latitude" : 43.5327997823,
		"longitude" : 3.6719305532
	},
	{
		"id_position" : 13373,
		"latitude" : 43.3707718036,
		"longitude" : 3.3575509404
	},
	{
		"id_position" : 13374,
		"latitude" : 43.2896268975,
		"longitude" : 3.0256763147
	},
	{
		"id_position" : 13375,
		"latitude" : 43.5621026684,
		"longitude" : 3.2714552928
	},
	{
		"id_position" : 13376,
		"latitude" : 43.6690783518,
		"longitude" : 3.8640854294
	},
	{
		"id_position" : 13377,
		"latitude" : 43.3353694214,
		"longitude" : 2.9062363993
	},
	{
		"id_position" : 13378,
		"latitude" : 43.9192422110,
		"longitude" : 3.8018720601
	},
	{
		"id_position" : 13379,
		"latitude" : 43.6134409138,
		"longitude" : 3.8685165790
	},
	{
		"id_position" : 13380,
		"latitude" : 43.7111581250,
		"longitude" : 3.5024055520
	},
	{
		"id_position" : 13381,
		"latitude" : 43.9497259922,
		"longitude" : 3.7555516523
	},
	{
		"id_position" : 13382,
		"latitude" : 43.6156849322,
		"longitude" : 3.3510142691
	},
	{
		"id_position" : 13383,
		"latitude" : 43.6402176481,
		"longitude" : 4.0363482215
	},
	{
		"id_position" : 13384,
		"latitude" : 43.7017303603,
		"longitude" : 3.7572360418
	},
	{
		"id_position" : 13385,
		"latitude" : 43.4576685107,
		"longitude" : 3.1359224767
	},
	{
		"id_position" : 13386,
		"latitude" : 43.6095675101,
		"longitude" : 3.7393584243
	},
	{
		"id_position" : 13387,
		"latitude" : 43.5995432245,
		"longitude" : 3.4367811189
	},
	{
		"id_position" : 13388,
		"latitude" : 43.5393423873,
		"longitude" : 3.3335440940
	},
	{
		"id_position" : 13389,
		"latitude" : 43.4214743639,
		"longitude" : 3.4038201049
	},
	{
		"id_position" : 13390,
		"latitude" : 43.2811833354,
		"longitude" : 3.1122701600
	},
	{
		"id_position" : 13391,
		"latitude" : 43.5137142122,
		"longitude" : 3.4195642543
	},
	{
		"id_position" : 13392,
		"latitude" : 43.8324773443,
		"longitude" : 3.7571842337
	},
	{
		"id_position" : 13393,
		"latitude" : 43.6574397146,
		"longitude" : 3.2958065214
	},
	{
		"id_position" : 13394,
		"latitude" : 43.5401354550,
		"longitude" : 2.9177231612
	},
	{
		"id_position" : 13395,
		"latitude" : 43.7080042614,
		"longitude" : 3.2979030710
	},
	{
		"id_position" : 13396,
		"latitude" : 43.2811329903,
		"longitude" : 2.7372922486
	},
	{
		"id_position" : 13397,
		"latitude" : 43.2886870933,
		"longitude" : 2.7761320444
	},
	{
		"id_position" : 13398,
		"latitude" : 43.4371324494,
		"longitude" : 3.1847877041
	},
	{
		"id_position" : 13399,
		"latitude" : 43.5335364560,
		"longitude" : 3.9262083957
	},
	{
		"id_position" : 13400,
		"latitude" : 43.4450155578,
		"longitude" : 2.8372481294
	},
	{
		"id_position" : 13401,
		"latitude" : 43.5382461437,
		"longitude" : 3.4587800171
	},
	{
		"id_position" : 13402,
		"latitude" : 43.8051515536,
		"longitude" : 3.5759054656
	},
	{
		"id_position" : 13403,
		"latitude" : 43.8129638311,
		"longitude" : 3.3345736881
	},
	{
		"id_position" : 13404,
		"latitude" : 43.5749250914,
		"longitude" : 3.3983177036
	},
	{
		"id_position" : 13405,
		"latitude" : 43.5606642689,
		"longitude" : 3.9517570852
	},
	{
		"id_position" : 13406,
		"latitude" : 43.4629901680,
		"longitude" : 3.4165165213
	},
	{
		"id_position" : 13407,
		"latitude" : 43.5990802709,
		"longitude" : 3.2448655887
	},
	{
		"id_position" : 13408,
		"latitude" : 43.4408898427,
		"longitude" : 2.9635326578
	},
	{
		"id_position" : 13409,
		"latitude" : 43.5855297709,
		"longitude" : 3.7492261763
	},
	{
		"id_position" : 13410,
		"latitude" : 43.4090371213,
		"longitude" : 3.5124950394
	},
	{
		"id_position" : 13411,
		"latitude" : 43.5590614886,
		"longitude" : 3.5297870496
	},
	{
		"id_position" : 13412,
		"latitude" : 43.7561210421,
		"longitude" : 3.2656467299
	},
	{
		"id_position" : 13413,
		"latitude" : 43.3045807211,
		"longitude" : 3.0895568871
	},
	{
		"id_position" : 13414,
		"latitude" : 43.3966621859,
		"longitude" : 3.5147011967
	},
	{
		"id_position" : 13415,
		"latitude" : 43.6241428585,
		"longitude" : 3.5332941656
	},
	{
		"id_position" : 13416,
		"latitude" : 43.3017367270,
		"longitude" : 3.3476310741
	},
	{
		"id_position" : 13417,
		"latitude" : 43.5925476738,
		"longitude" : 3.5172715056
	},
	{
		"id_position" : 13418,
		"latitude" : 43.5830682965,
		"longitude" : 3.0543799303
	},
	{
		"id_position" : 13419,
		"latitude" : 43.7720254249,
		"longitude" : 3.3186584195
	},
	{
		"id_position" : 13420,
		"latitude" : 43.4938682747,
		"longitude" : 3.6606052633
	},
	{
		"id_position" : 13421,
		"latitude" : 43.4790289284,
		"longitude" : 3.2734352654
	},
	{
		"id_position" : 13422,
		"latitude" : 43.6204813753,
		"longitude" : 3.5091379204
	},
	{
		"id_position" : 13423,
		"latitude" : 43.6331733126,
		"longitude" : 3.0960312508
	},
	{
		"id_position" : 13424,
		"latitude" : 43.7072541597,
		"longitude" : 3.8648921392
	},
	{
		"id_position" : 13425,
		"latitude" : 43.4587254561,
		"longitude" : 2.9763790805
	},
	{
		"id_position" : 13426,
		"latitude" : 43.5395150426,
		"longitude" : 2.8226547700
	},
	{
		"id_position" : 13427,
		"latitude" : 43.6831429742,
		"longitude" : 3.3250121665
	},
	{
		"id_position" : 13428,
		"latitude" : 43.7250949806,
		"longitude" : 3.6061543669
	},
	{
		"id_position" : 13429,
		"latitude" : 43.5667592874,
		"longitude" : 3.5043817724
	},
	{
		"id_position" : 13430,
		"latitude" : 43.4378848969,
		"longitude" : 3.2079260782
	},
	{
		"id_position" : 13431,
		"latitude" : 43.4539009157,
		"longitude" : 3.2377568840
	},
	{
		"id_position" : 13432,
		"latitude" : 43.3772339365,
		"longitude" : 3.0459054645
	},
	{
		"id_position" : 13433,
		"latitude" : 43.3507961482,
		"longitude" : 2.9807126690
	},
	{
		"id_position" : 13434,
		"latitude" : 43.7241060431,
		"longitude" : 4.0411388606
	},
	{
		"id_position" : 13435,
		"latitude" : 43.4221214711,
		"longitude" : 2.7323413355
	},
	{
		"id_position" : 13436,
		"latitude" : 43.5020076583,
		"longitude" : 2.7978815483
	},
	{
		"id_position" : 13437,
		"latitude" : 43.8557506126,
		"longitude" : 3.2640510227
	},
	{
		"id_position" : 13438,
		"latitude" : 43.8174606939,
		"longitude" : 3.2386363104
	},
	{
		"id_position" : 13439,
		"latitude" : 43.5055301367,
		"longitude" : 3.0102076796
	},
	{
		"id_position" : 13440,
		"latitude" : 43.7962962251,
		"longitude" : 3.2079737755
	},
	{
		"id_position" : 13441,
		"latitude" : 43.5504361002,
		"longitude" : 3.2263482663
	},
	{
		"id_position" : 13442,
		"latitude" : 43.6281696619,
		"longitude" : 2.9921545237
	},
	{
		"id_position" : 13443,
		"latitude" : 43.8258792958,
		"longitude" : 3.8159411568
	},
	{
		"id_position" : 13444,
		"latitude" : 43.5109460252,
		"longitude" : 3.3093658625
	},
	{
		"id_position" : 13445,
		"latitude" : 43.8538870813,
		"longitude" : 3.6495749352
	},
	{
		"id_position" : 13446,
		"latitude" : 43.6502281651,
		"longitude" : 3.5028764243
	},
	{
		"id_position" : 13447,
		"latitude" : 43.6349513822,
		"longitude" : 3.9657881839
	},
	{
		"id_position" : 13448,
		"latitude" : 43.6102378186,
		"longitude" : 3.5587564376
	},
	{
		"id_position" : 13449,
		"latitude" : 43.7762227420,
		"longitude" : 3.9503612470
	},
	{
		"id_position" : 13450,
		"latitude" : 43.9007200249,
		"longitude" : 3.7590104506
	},
	{
		"id_position" : 13451,
		"latitude" : 43.6665945893,
		"longitude" : 4.0379407138
	},
	{
		"id_position" : 13452,
		"latitude" : 43.4211029335,
		"longitude" : 2.9313822758
	},
	{
		"id_position" : 13453,
		"latitude" : 43.7236376937,
		"longitude" : 4.0722270968
	},
	{
		"id_position" : 13454,
		"latitude" : 43.6860686936,
		"longitude" : 3.8431893668
	},
	{
		"id_position" : 13455,
		"latitude" : 43.7680759693,
		"longitude" : 3.9104732036
	},
	{
		"id_position" : 13456,
		"latitude" : 43.7284558791,
		"longitude" : 3.9777441937
	},
	{
		"id_position" : 13457,
		"latitude" : 43.5283591648,
		"longitude" : 2.8652848354
	},
	{
		"id_position" : 13458,
		"latitude" : 43.7836963728,
		"longitude" : 3.3849993596
	},
	{
		"id_position" : 13459,
		"latitude" : 43.6605180139,
		"longitude" : 3.1043175129
	},
	{
		"id_position" : 13460,
		"latitude" : 43.8393766952,
		"longitude" : 3.3145358336
	},
	{
		"id_position" : 13461,
		"latitude" : 43.6608409227,
		"longitude" : 3.4688964264
	},
	{
		"id_position" : 13462,
		"latitude" : 43.6896523672,
		"longitude" : 3.8096957747
	},
	{
		"id_position" : 13463,
		"latitude" : 43.6972031545,
		"longitude" : 4.0375125216
	},
	{
		"id_position" : 13464,
		"latitude" : 43.6879655757,
		"longitude" : 3.0029165494
	},
	{
		"id_position" : 13465,
		"latitude" : 43.4689118509,
		"longitude" : 3.1749776319
	},
	{
		"id_position" : 13466,
		"latitude" : 43.6168353652,
		"longitude" : 3.7737662981
	},
	{
		"id_position" : 13467,
		"latitude" : 43.6671393403,
		"longitude" : 3.0497555288
	},
	{
		"id_position" : 13468,
		"latitude" : 43.7566644120,
		"longitude" : 3.5450548145
	},
	{
		"id_position" : 13469,
		"latitude" : 43.6784032786,
		"longitude" : 3.4513421861
	},
	{
		"id_position" : 13470,
		"latitude" : 43.7530311064,
		"longitude" : 4.0194519233
	},
	{
		"id_position" : 13471,
		"latitude" : 43.8341627793,
		"longitude" : 3.6053479502
	},
	{
		"id_position" : 13472,
		"latitude" : 43.7447764040,
		"longitude" : 4.0033400932
	},
	{
		"id_position" : 13473,
		"latitude" : 43.7516512162,
		"longitude" : 3.8337065397
	},
	{
		"id_position" : 13474,
		"latitude" : 43.6938600875,
		"longitude" : 3.5464221395
	},
	{
		"id_position" : 13475,
		"latitude" : 43.7101712397,
		"longitude" : 3.4298727318
	},
	{
		"id_position" : 13476,
		"latitude" : 43.3998259676,
		"longitude" : 2.8186318647
	},
	{
		"id_position" : 13477,
		"latitude" : 43.5716282319,
		"longitude" : 3.8322184795
	},
	{
		"id_position" : 13478,
		"latitude" : 43.5848869061,
		"longitude" : 2.9022163453
	},
	{
		"id_position" : 13479,
		"latitude" : 43.6561845666,
		"longitude" : 4.1118455055
	},
	{
		"id_position" : 13480,
		"latitude" : 43.5800016675,
		"longitude" : 2.9850607838
	},
	{
		"id_position" : 13481,
		"latitude" : 43.7926372953,
		"longitude" : 3.7074967156
	},
	{
		"id_position" : 13482,
		"latitude" : 43.7692073898,
		"longitude" : 3.8700202751
	},
	{
		"id_position" : 13483,
		"latitude" : 43.8448734239,
		"longitude" : 3.5062650669
	},
	{
		"id_position" : 13484,
		"latitude" : 43.8408209485,
		"longitude" : 3.4063651133
	},
	{
		"id_position" : 13485,
		"latitude" : 43.5174613218,
		"longitude" : 3.0801936650
	},
	{
		"id_position" : 13486,
		"latitude" : 43.6351201941,
		"longitude" : 4.1170619829
	},
	{
		"id_position" : 13487,
		"latitude" : 43.5312864116,
		"longitude" : 3.5435667469
	},
	{
		"id_position" : 13488,
		"latitude" : 43.6147377182,
		"longitude" : 3.6792576424
	},
	{
		"id_position" : 13489,
		"latitude" : 43.7942818756,
		"longitude" : 3.4224925234
	},
	{
		"id_position" : 13490,
		"latitude" : 43.4788345407,
		"longitude" : 2.7485269195
	},
	{
		"id_position" : 13491,
		"latitude" : 43.5093525294,
		"longitude" : 3.5123793031
	},
	{
		"id_position" : 13492,
		"latitude" : 43.7510304618,
		"longitude" : 3.4319344026
	},
	{
		"id_position" : 13493,
		"latitude" : 43.7020641243,
		"longitude" : 3.4656201714
	},
	{
		"id_position" : 13494,
		"latitude" : 43.7355275594,
		"longitude" : 4.1049570212
	},
	{
		"id_position" : 13495,
		"latitude" : 43.3927611076,
		"longitude" : 3.4008093198
	},
	{
		"id_position" : 13496,
		"latitude" : 43.7107487308,
		"longitude" : 3.8768970480
	},
	{
		"id_position" : 13497,
		"latitude" : 43.5598159229,
		"longitude" : 2.8730344645
	},
	{
		"id_position" : 13498,
		"latitude" : 43.6220930985,
		"longitude" : 3.3124034801
	},
	{
		"id_position" : 13499,
		"latitude" : 43.6021759228,
		"longitude" : 2.6870559115
	},
	{
		"id_position" : 13500,
		"latitude" : 43.7142810482,
		"longitude" : 4.1171434482
	},
	{
		"id_position" : 13501,
		"latitude" : 43.5690132590,
		"longitude" : 3.7809591138
	},
	{
		"id_position" : 13502,
		"latitude" : 43.7589547770,
		"longitude" : 4.0503880056
	},
	{
		"id_position" : 13503,
		"latitude" : 43.8309147930,
		"longitude" : 3.9185839809
	},
	{
		"id_position" : 13504,
		"latitude" : 43.2910373806,
		"longitude" : 3.2540647928
	},
	{
		"id_position" : 13505,
		"latitude" : 43.2733185307,
		"longitude" : 3.2972508325
	},
	{
		"id_position" : 13506,
		"latitude" : 43.4143351267,
		"longitude" : 3.3064526141
	},
	{
		"id_position" : 13507,
		"latitude" : 43.3917705831,
		"longitude" : 3.6470514830
	},
	{
		"id_position" : 13508,
		"latitude" : 43.3302941258,
		"longitude" : 2.6632591656
	},
	{
		"id_position" : 13509,
		"latitude" : 43.8909610556,
		"longitude" : 3.4064299502
	},
	{
		"id_position" : 13510,
		"latitude" : 43.7796056987,
		"longitude" : 3.3520136851
	},
	{
		"id_position" : 13511,
		"latitude" : 43.5430961388,
		"longitude" : 2.6899125434
	},
	{
		"id_position" : 13512,
		"latitude" : 43.7254656283,
		"longitude" : 3.3497094588
	},
	{
		"id_position" : 13513,
		"latitude" : 43.7090174126,
		"longitude" : 3.9945100378
	},
	{
		"id_position" : 13514,
		"latitude" : 43.6330025046,
		"longitude" : 3.0765167453
	},
	{
		"id_position" : 13515,
		"latitude" : 43.6849602174,
		"longitude" : 3.9284454605
	},
	{
		"id_position" : 13516,
		"latitude" : 43.4132925116,
		"longitude" : 3.1581087748
	},
	{
		"id_position" : 13517,
		"latitude" : 43.4426128717,
		"longitude" : 3.3732506317
	},
	{
		"id_position" : 13518,
		"latitude" : 43.6555250797,
		"longitude" : 3.1514443162
	},
	{
		"id_position" : 13519,
		"latitude" : 43.5728727057,
		"longitude" : 3.4866035996
	},
	{
		"id_position" : 13520,
		"latitude" : 43.7367810666,
		"longitude" : 3.8573951502
	},
	{
		"id_position" : 13521,
		"latitude" : 43.5218019107,
		"longitude" : 3.4673127326
	},
	{
		"id_position" : 13522,
		"latitude" : 43.7281811066,
		"longitude" : 3.3987280332
	},
	{
		"id_position" : 13523,
		"latitude" : 43.7940763777,
		"longitude" : 3.4810753820
	},
	{
		"id_position" : 13524,
		"latitude" : 43.8289513540,
		"longitude" : 3.9505909259
	},
	{
		"id_position" : 13525,
		"latitude" : 43.5542014743,
		"longitude" : 3.2998940464
	},
	{
		"id_position" : 13526,
		"latitude" : 43.6641779009,
		"longitude" : 3.7284261901
	},
	{
		"id_position" : 13527,
		"latitude" : 43.6724039500,
		"longitude" : 4.0587078398
	},
	{
		"id_position" : 13528,
		"latitude" : 43.8020094105,
		"longitude" : 3.8618828506
	},
	{
		"id_position" : 13529,
		"latitude" : 43.6001846206,
		"longitude" : 3.2999967216
	},
	{
		"id_position" : 13530,
		"latitude" : 43.2476112282,
		"longitude" : 3.2892943136
	},
	{
		"id_position" : 13531,
		"latitude" : 43.4191894270,
		"longitude" : 3.3614125969
	},
	{
		"id_position" : 13532,
		"latitude" : 43.3902090063,
		"longitude" : 2.7449537742
	},
	{
		"id_position" : 13533,
		"latitude" : 43.6610457488,
		"longitude" : 3.9628303311
	},
	{
		"id_position" : 13534,
		"latitude" : 43.5790567885,
		"longitude" : 3.5625340185
	},
	{
		"id_position" : 13535,
		"latitude" : 43.2581519414,
		"longitude" : 3.2272026024
	},
	{
		"id_position" : 13536,
		"latitude" : 43.7089301990,
		"longitude" : 4.0929232400
	},
	{
		"id_position" : 13537,
		"latitude" : 43.4493841395,
		"longitude" : 2.6791478097
	},
	{
		"id_position" : 13538,
		"latitude" : 43.3131142636,
		"longitude" : 3.3988971036
	},
	{
		"id_position" : 13539,
		"latitude" : 43.4862693496,
		"longitude" : 3.8034286991
	},
	{
		"id_position" : 13540,
		"latitude" : 43.5401854893,
		"longitude" : 3.0006526926
	},
	{
		"id_position" : 13541,
		"latitude" : 43.6189067153,
		"longitude" : 3.1214324098
	},
	{
		"id_position" : 13542,
		"latitude" : 43.3172489997,
		"longitude" : 3.2895849435
	},
	{
		"id_position" : 13543,
		"latitude" : 43.5249723481,
		"longitude" : 3.8584620537
	},
	{
		"id_position" : 13544,
		"latitude" : 43.6102089011,
		"longitude" : 3.4007748832
	},
	{
		"id_position" : 13545,
		"latitude" : 43.3817686884,
		"longitude" : 2.9114194159
	},
	{
		"id_position" : 13546,
		"latitude" : 43.7241089039,
		"longitude" : 4.1368883121
	},
	{
		"id_position" : 13547,
		"latitude" : 43.5001280333,
		"longitude" : 3.5937294667
	},
	{
		"id_position" : 13548,
		"latitude" : 43.7448968901,
		"longitude" : 3.7402673031
	},
	{
		"id_position" : 13549,
		"latitude" : 43.7367573026,
		"longitude" : 3.6922032460
	},
	{
		"id_position" : 13550,
		"latitude" : 43.5685394142,
		"longitude" : 4.0758328467
	}
]}
